payroll_item_id,payroll_run_id,payroll_line_id,employee_snapshot_id,employee_id,person_id,employment_relationship_id,item_code,item_name,item_category,amount,currency,taxable,affects_net_pay,cost_company_id,source_object_type,source_object_id,applied_rule_ids,calculation_trace
PI_PL_202604_EMP001_BASIC_SALARY,PAYROLL_202604,PL_202604_EMP001,ESNAP_202604_EMP001,EMP001,PER001,EREL_202604_EMP001,BASIC_SALARY,基本薪资,earning,10000.0,CNY,1,1,COMP_SCNY,SalarySplitRule,,payroll_salary_split_formula,"{""basic_salary"": {""basic_salary"": 10000.0, ""basic_salary_rate"": 1.0, ""monthly_salary_total"": 10000.0, ""performance_base_rate"": 0.0, ""performance_salary_base"": 0.0, ""position"": ""南京大学"", ""split_rule_id"": ""SPLIT_01""}}"
PI_PL_202604_EMP002_BASIC_SALARY,PAYROLL_202604,PL_202604_EMP002,ESNAP_202604_EMP002,EMP002,PER002,EREL_202604_EMP002,BASIC_SALARY,基本薪资,earning,10000.0,CNY,1,1,COMP_SCNY,SalarySplitRule,,payroll_salary_split_formula,"{""basic_salary"": {""basic_salary"": 10000.0, ""basic_salary_rate"": 1.0, ""monthly_salary_total"": 10000.0, ""performance_base_rate"": 0.0, ""performance_salary_base"": 0.0, ""position"": ""南京大学"", ""split_rule_id"": ""SPLIT_01""}}"
PI_PL_202604_EMP003_BASIC_SALARY,PAYROLL_202604,PL_202604_EMP003,ESNAP_202604_EMP003,EMP003,PER003,EREL_202604_EMP003,BASIC_SALARY,基本薪资,earning,10000.0,CNY,1,1,COMP_SCNY,SalarySplitRule,,payroll_salary_split_formula,"{""basic_salary"": {""basic_salary"": 10000.0, ""basic_salary_rate"": 1.0, ""monthly_salary_total"": 10000.0, ""performance_base_rate"": 0.0, ""performance_salary_base"": 0.0, ""position"": ""南京大学"", ""split_rule_id"": ""SPLIT_01""}}"
PI_PL_202604_EMP004_BASIC_SALARY,PAYROLL_202604,PL_202604_EMP004,ESNAP_202604_EMP004,EMP004,PER004,EREL_202604_EMP004,BASIC_SALARY,基本薪资,earning,10000.0,CNY,1,1,COMP_SCNY,SalarySplitRule,,payroll_salary_split_formula,"{""basic_salary"": {""basic_salary"": 10000.0, ""basic_salary_rate"": 1.0, ""monthly_salary_total"": 10000.0, ""performance_base_rate"": 0.0, ""performance_salary_base"": 0.0, ""position"": ""南京大学"", ""split_rule_id"": ""SPLIT_01""}}"
PI_PL_202604_EMP005_BASIC_SALARY,PAYROLL_202604,PL_202604_EMP005,ESNAP_202604_EMP005,EMP005,PER005,EREL_202604_EMP005,BASIC_SALARY,基本薪资,earning,10000.0,CNY,1,1,COMP_SCNY,SalarySplitRule,,payroll_salary_split_formula,"{""basic_salary"": {""basic_salary"": 10000.0, ""basic_salary_rate"": 1.0, ""monthly_salary_total"": 10000.0, ""performance_base_rate"": 0.0, ""performance_salary_base"": 0.0, ""position"": ""南京大学"", ""split_rule_id"": ""SPLIT_01""}}"
PI_PL_202604_EMP006_BASIC_SALARY,PAYROLL_202604,PL_202604_EMP006,ESNAP_202604_EMP006,EMP006,PER006,EREL_202604_EMP006,BASIC_SALARY,基本薪资,earning,10000.0,CNY,1,1,COMP_SCNY,SalarySplitRule,,payroll_salary_split_formula,"{""basic_salary"": {""basic_salary"": 10000.0, ""basic_salary_rate"": 1.0, ""monthly_salary_total"": 10000.0, ""performance_base_rate"": 0.0, ""performance_salary_base"": 0.0, ""position"": ""南京大学"", ""split_rule_id"": ""SPLIT_01""}}"
PI_PL_202604_EMP007_BASIC_SALARY,PAYROLL_202604,PL_202604_EMP007,ESNAP_202604_EMP007,EMP007,PER007,EREL_202604_EMP007,BASIC_SALARY,基本薪资,earning,10000.0,CNY,1,1,COMP_SCNY,SalarySplitRule,,payroll_salary_split_formula,"{""basic_salary"": {""basic_salary"": 10000.0, ""basic_salary_rate"": 1.0, ""monthly_salary_total"": 10000.0, ""performance_base_rate"": 0.0, ""performance_salary_base"": 0.0, ""position"": ""南京大学"", ""split_rule_id"": ""SPLIT_01""}}"
PI_PL_202604_EMP008_BASIC_SALARY,PAYROLL_202604,PL_202604_EMP008,ESNAP_202604_EMP008,EMP008,PER008,EREL_202604_EMP008,BASIC_SALARY,基本薪资,earning,10000.0,CNY,1,1,COMP_SCNY,SalarySplitRule,,payroll_salary_split_formula,"{""basic_salary"": {""basic_salary"": 10000.0, ""basic_salary_rate"": 1.0, ""monthly_salary_total"": 10000.0, ""performance_base_rate"": 0.0, ""performance_salary_base"": 0.0, ""position"": ""南京大学"", ""split_rule_id"": ""SPLIT_01""}}"
PI_PL_202604_EMP009_BASIC_SALARY,PAYROLL_202604,PL_202604_EMP009,ESNAP_202604_EMP009,EMP009,PER009,EREL_202604_EMP009,BASIC_SALARY,基本薪资,earning,10000.0,CNY,1,1,COMP_SCNY,SalarySplitRule,,payroll_salary_split_formula,"{""basic_salary"": {""basic_salary"": 10000.0, ""basic_salary_rate"": 1.0, ""monthly_salary_total"": 10000.0, ""performance_base_rate"": 0.0, ""performance_salary_base"": 0.0, ""position"": ""南京大学"", ""split_rule_id"": ""SPLIT_01""}}"
PI_PL_202604_EMP010_BASIC_SALARY,PAYROLL_202604,PL_202604_EMP010,ESNAP_202604_EMP010,EMP010,PER010,EREL_202604_EMP010,BASIC_SALARY,基本薪资,earning,10000.0,CNY,1,1,COMP_SCNY,SalarySplitRule,,payroll_salary_split_formula,"{""basic_salary"": {""basic_salary"": 10000.0, ""basic_salary_rate"": 1.0, ""monthly_salary_total"": 10000.0, ""performance_base_rate"": 0.0, ""performance_salary_base"": 0.0, ""position"": ""南京大学"", ""split_rule_id"": ""SPLIT_01""}}"
PI_PL_202604_EMP011_BASIC_SALARY,PAYROLL_202604,PL_202604_EMP011,ESNAP_202604_EMP011,EMP011,PER011,EREL_202604_EMP011,BASIC_SALARY,基本薪资,earning,10000.0,CNY,1,1,COMP_SCNY,SalarySplitRule,,payroll_salary_split_formula,"{""basic_salary"": {""basic_salary"": 10000.0, ""basic_salary_rate"": 1.0, ""monthly_salary_total"": 10000.0, ""performance_base_rate"": 0.0, ""performance_salary_base"": 0.0, ""position"": ""南京大学"", ""split_rule_id"": ""SPLIT_01""}}"
PI_PL_202604_EMP012_BASIC_SALARY,PAYROLL_202604,PL_202604_EMP012,ESNAP_202604_EMP012,EMP012,PER012,EREL_202604_EMP012,BASIC_SALARY,基本薪资,earning,10000.0,CNY,1,1,COMP_SCNY,SalarySplitRule,,payroll_salary_split_formula,"{""basic_salary"": {""basic_salary"": 10000.0, ""basic_salary_rate"": 1.0, ""monthly_salary_total"": 10000.0, ""performance_base_rate"": 0.0, ""performance_salary_base"": 0.0, ""position"": ""南京大学"", ""split_rule_id"": ""SPLIT_01""}}"
PI_PL_202604_EMP013_BASIC_SALARY,PAYROLL_202604,PL_202604_EMP013,ESNAP_202604_EMP013,EMP013,PER013,EREL_202604_EMP013,BASIC_SALARY,基本薪资,earning,10000.0,CNY,1,1,COMP_SCNY,SalarySplitRule,,payroll_salary_split_formula,"{""basic_salary"": {""basic_salary"": 10000.0, ""basic_salary_rate"": 1.0, ""monthly_salary_total"": 10000.0, ""performance_base_rate"": 0.0, ""performance_salary_base"": 0.0, ""position"": ""南京大学"", ""split_rule_id"": ""SPLIT_01""}}"
PI_PL_202604_EMP014_BASIC_SALARY,PAYROLL_202604,PL_202604_EMP014,ESNAP_202604_EMP014,EMP014,PER014,EREL_202604_EMP014,BASIC_SALARY,基本薪资,earning,10000.0,CNY,1,1,COMP_NDSC,SalarySplitRule,,payroll_salary_split_formula,"{""basic_salary"": {""basic_salary"": 10000.0, ""basic_salary_rate"": 1.0, ""monthly_salary_total"": 10000.0, ""performance_base_rate"": 0.0, ""performance_salary_base"": 0.0, ""position"": ""BOSS"", ""split_rule_id"": ""SPLIT_02""}}"
PI_PL_202604_EMP015_BASIC_SALARY,PAYROLL_202604,PL_202604_EMP015,ESNAP_202604_EMP015,EMP015,PER015,EREL_202604_EMP015,BASIC_SALARY,基本薪资,earning,10000.0,CNY,1,1,COMP_SCNY,SalarySplitRule,,payroll_salary_split_formula,"{""basic_salary"": {""basic_salary"": 10000.0, ""basic_salary_rate"": 1.0, ""monthly_salary_total"": 10000.0, ""performance_base_rate"": 0.0, ""performance_salary_base"": 0.0, ""position"": ""BOSS"", ""split_rule_id"": ""SPLIT_02""}}"
PI_PL_202604_EMP016_BASIC_SALARY,PAYROLL_202604,PL_202604_EMP016,ESNAP_202604_EMP016,EMP016,PER016,EREL_202604_EMP016,BASIC_SALARY,基本薪资,earning,7000.0,CNY,1,1,COMP_SCNY,SalarySplitRule,,payroll_salary_split_formula,"{""basic_salary"": {""basic_salary"": 7000.0, ""basic_salary_rate"": 0.7, ""monthly_salary_total"": 10000.0, ""performance_base_rate"": 0.3, ""performance_salary_base"": 3000.0, ""position"": ""员工"", ""split_rule_id"": ""SPLIT_06""}}"
PI_PL_202604_EMP016_PERFORMANCE_SALARY,PAYROLL_202604,PL_202604_EMP016,ESNAP_202604_EMP016,EMP016,PER016,EREL_202604_EMP016,PERFORMANCE_SALARY,绩效薪资,earning,3000.0,CNY,1,1,COMP_SCNY,PerformanceGradeRule,,payroll_performance_salary_formula,"{""performance_salary"": {""coefficient"": 1.0, ""grade_rule_id"": ""PERF_RULE_03"", ""performance_grade"": ""C"", ""performance_record_id"": ""PERF_202604_EMP016"", ""performance_salary"": 3000.0}}"
PI_PL_202604_EMP017_BASIC_SALARY,PAYROLL_202604,PL_202604_EMP017,ESNAP_202604_EMP017,EMP017,PER017,EREL_202604_EMP017,BASIC_SALARY,基本薪资,earning,6000.0,CNY,1,1,COMP_NDSC,SalarySplitRule,,payroll_salary_split_formula,"{""basic_salary"": {""basic_salary"": 6000.0, ""basic_salary_rate"": 0.6, ""monthly_salary_total"": 10000.0, ""performance_base_rate"": 0.4, ""performance_salary_base"": 4000.0, ""position"": ""部门负责人"", ""split_rule_id"": ""SPLIT_05""}}"
PI_PL_202604_EMP017_PERFORMANCE_SALARY,PAYROLL_202604,PL_202604_EMP017,ESNAP_202604_EMP017,EMP017,PER017,EREL_202604_EMP017,PERFORMANCE_SALARY,绩效薪资,earning,4000.0,CNY,1,1,COMP_NDSC,PerformanceGradeRule,,payroll_performance_salary_formula,"{""performance_salary"": {""coefficient"": 1.0, ""grade_rule_id"": ""PERF_RULE_03"", ""performance_grade"": ""C"", ""performance_record_id"": ""PERF_202604_EMP017"", ""performance_salary"": 4000.0}}"
PI_PL_202604_EMP018_BASIC_SALARY,PAYROLL_202604,PL_202604_EMP018,ESNAP_202604_EMP018,EMP018,PER018,EREL_202604_EMP018,BASIC_SALARY,基本薪资,earning,7000.0,CNY,1,1,COMP_NDSC,SalarySplitRule,,payroll_salary_split_formula,"{""basic_salary"": {""basic_salary"": 7000.0, ""basic_salary_rate"": 0.7, ""monthly_salary_total"": 10000.0, ""performance_base_rate"": 0.3, ""performance_salary_base"": 3000.0, ""position"": ""员工"", ""split_rule_id"": ""SPLIT_06""}}"
PI_PL_202604_EMP018_PERFORMANCE_SALARY,PAYROLL_202604,PL_202604_EMP018,ESNAP_202604_EMP018,EMP018,PER018,EREL_202604_EMP018,PERFORMANCE_SALARY,绩效薪资,earning,3000.0,CNY,1,1,COMP_NDSC,PerformanceGradeRule,,payroll_performance_salary_formula,"{""performance_salary"": {""coefficient"": 1.0, ""grade_rule_id"": ""PERF_RULE_03"", ""performance_grade"": ""C"", ""performance_record_id"": ""PERF_202604_EMP018"", ""performance_salary"": 3000.0}}"
PI_PL_202604_EMP019_BASIC_SALARY,PAYROLL_202604,PL_202604_EMP019,ESNAP_202604_EMP019,EMP019,PER019,EREL_202604_EMP019,BASIC_SALARY,基本薪资,earning,7000.0,CNY,1,1,COMP_NDSC,SalarySplitRule,,payroll_salary_split_formula,"{""basic_salary"": {""basic_salary"": 7000.0, ""basic_salary_rate"": 0.7, ""monthly_salary_total"": 10000.0, ""performance_base_rate"": 0.3, ""performance_salary_base"": 3000.0, ""position"": ""员工"", ""split_rule_id"": ""SPLIT_06""}}"
PI_PL_202604_EMP019_PERFORMANCE_SALARY,PAYROLL_202604,PL_202604_EMP019,ESNAP_202604_EMP019,EMP019,PER019,EREL_202604_EMP019,PERFORMANCE_SALARY,绩效薪资,earning,3000.0,CNY,1,1,COMP_NDSC,PerformanceGradeRule,,payroll_performance_salary_formula,"{""performance_salary"": {""coefficient"": 1.0, ""grade_rule_id"": ""PERF_RULE_03"", ""performance_grade"": ""C"", ""performance_record_id"": ""PERF_202604_EMP019"", ""performance_salary"": 3000.0}}"
PI_PL_202604_EMP020_BASIC_SALARY,PAYROLL_202604,PL_202604_EMP020,ESNAP_202604_EMP020,EMP020,PER020,EREL_202604_EMP020,BASIC_SALARY,基本薪资,earning,7000.0,CNY,1,1,COMP_NDSC,SalarySplitRule,,payroll_salary_split_formula,"{""basic_salary"": {""basic_salary"": 7000.0, ""basic_salary_rate"": 0.7, ""monthly_salary_total"": 10000.0, ""performance_base_rate"": 0.3, ""performance_salary_base"": 3000.0, ""position"": ""员工"", ""split_rule_id"": ""SPLIT_06""}}"
PI_PL_202604_EMP020_PERFORMANCE_SALARY,PAYROLL_202604,PL_202604_EMP020,ESNAP_202604_EMP020,EMP020,PER020,EREL_202604_EMP020,PERFORMANCE_SALARY,绩效薪资,earning,3000.0,CNY,1,1,COMP_NDSC,PerformanceGradeRule,,payroll_performance_salary_formula,"{""performance_salary"": {""coefficient"": 1.0, ""grade_rule_id"": ""PERF_RULE_03"", ""performance_grade"": ""C"", ""performance_record_id"": ""PERF_202604_EMP020"", ""performance_salary"": 3000.0}}"
PI_PL_202604_EMP021_BASIC_SALARY,PAYROLL_202604,PL_202604_EMP021,ESNAP_202604_EMP021,EMP021,PER021,EREL_202604_EMP021,BASIC_SALARY,基本薪资,earning,7000.0,CNY,1,1,COMP_NDSC,SalarySplitRule,,payroll_salary_split_formula,"{""basic_salary"": {""basic_salary"": 7000.0, ""basic_salary_rate"": 0.7, ""monthly_salary_total"": 10000.0, ""performance_base_rate"": 0.3, ""performance_salary_base"": 3000.0, ""position"": ""员工"", ""split_rule_id"": ""SPLIT_06""}}"
PI_PL_202604_EMP021_PERFORMANCE_SALARY,PAYROLL_202604,PL_202604_EMP021,ESNAP_202604_EMP021,EMP021,PER021,EREL_202604_EMP021,PERFORMANCE_SALARY,绩效薪资,earning,3000.0,CNY,1,1,COMP_NDSC,PerformanceGradeRule,,payroll_performance_salary_formula,"{""performance_salary"": {""coefficient"": 1.0, ""grade_rule_id"": ""PERF_RULE_03"", ""performance_grade"": ""C"", ""performance_record_id"": ""PERF_202604_EMP021"", ""performance_salary"": 3000.0}}"
PI_PL_202604_EMP022_BASIC_SALARY,PAYROLL_202604,PL_202604_EMP022,ESNAP_202604_EMP022,EMP022,PER022,EREL_202604_EMP022,BASIC_SALARY,基本薪资,earning,6000.0,CNY,1,1,COMP_NDSC,SalarySplitRule,,payroll_salary_split_formula,"{""basic_salary"": {""basic_salary"": 6000.0, ""basic_salary_rate"": 0.6, ""monthly_salary_total"": 10000.0, ""performance_base_rate"": 0.4, ""performance_salary_base"": 4000.0, ""position"": ""部门负责人"", ""split_rule_id"": ""SPLIT_05""}}"
PI_PL_202604_EMP022_PERFORMANCE_SALARY,PAYROLL_202604,PL_202604_EMP022,ESNAP_202604_EMP022,EMP022,PER022,EREL_202604_EMP022,PERFORMANCE_SALARY,绩效薪资,earning,4000.0,CNY,1,1,COMP_NDSC,PerformanceGradeRule,,payroll_performance_salary_formula,"{""performance_salary"": {""coefficient"": 1.0, ""grade_rule_id"": ""PERF_RULE_03"", ""performance_grade"": ""C"", ""performance_record_id"": ""PERF_202604_EMP022"", ""performance_salary"": 4000.0}}"
PI_PL_202604_EMP023_BASIC_SALARY,PAYROLL_202604,PL_202604_EMP023,ESNAP_202604_EMP023,EMP023,PER023,EREL_202604_EMP023,BASIC_SALARY,基本薪资,earning,6000.0,CNY,1,1,COMP_NDSC,SalarySplitRule,,payroll_salary_split_formula,"{""basic_salary"": {""basic_salary"": 6000.0, ""basic_salary_rate"": 0.6, ""monthly_salary_total"": 10000.0, ""performance_base_rate"": 0.4, ""performance_salary_base"": 4000.0, ""position"": ""部门负责人"", ""split_rule_id"": ""SPLIT_05""}}"
PI_PL_202604_EMP023_PERFORMANCE_SALARY,PAYROLL_202604,PL_202604_EMP023,ESNAP_202604_EMP023,EMP023,PER023,EREL_202604_EMP023,PERFORMANCE_SALARY,绩效薪资,earning,4000.0,CNY,1,1,COMP_NDSC,PerformanceGradeRule,,payroll_performance_salary_formula,"{""performance_salary"": {""coefficient"": 1.0, ""grade_rule_id"": ""PERF_RULE_03"", ""performance_grade"": ""C"", ""performance_record_id"": ""PERF_202604_EMP023"", ""performance_salary"": 4000.0}}"
PI_PL_202604_EMP024_BASIC_SALARY,PAYROLL_202604,PL_202604_EMP024,ESNAP_202604_EMP024,EMP024,PER024,EREL_202604_EMP024,BASIC_SALARY,基本薪资,earning,7000.0,CNY,1,1,COMP_NDSC,SalarySplitRule,,payroll_salary_split_formula,"{""basic_salary"": {""basic_salary"": 7000.0, ""basic_salary_rate"": 0.7, ""monthly_salary_total"": 10000.0, ""performance_base_rate"": 0.3, ""performance_salary_base"": 3000.0, ""position"": ""员工"", ""split_rule_id"": ""SPLIT_06""}}"
PI_PL_202604_EMP024_PERFORMANCE_SALARY,PAYROLL_202604,PL_202604_EMP024,ESNAP_202604_EMP024,EMP024,PER024,EREL_202604_EMP024,PERFORMANCE_SALARY,绩效薪资,earning,3000.0,CNY,1,1,COMP_NDSC,PerformanceGradeRule,,payroll_performance_salary_formula,"{""performance_salary"": {""coefficient"": 1.0, ""grade_rule_id"": ""PERF_RULE_03"", ""performance_grade"": ""C"", ""performance_record_id"": ""PERF_202604_EMP024"", ""performance_salary"": 3000.0}}"
PI_PL_202604_EMP025_BASIC_SALARY,PAYROLL_202604,PL_202604_EMP025,ESNAP_202604_EMP025,EMP025,PER025,EREL_202604_EMP025,BASIC_SALARY,基本薪资,earning,6000.0,CNY,1,1,COMP_SCNY,SalarySplitRule,,payroll_salary_split_formula,"{""basic_salary"": {""basic_salary"": 6000.0, ""basic_salary_rate"": 0.6, ""monthly_salary_total"": 10000.0, ""performance_base_rate"": 0.4, ""performance_salary_base"": 4000.0, ""position"": ""部门负责人"", ""split_rule_id"": ""SPLIT_05""}}"
PI_PL_202604_EMP025_PERFORMANCE_SALARY,PAYROLL_202604,PL_202604_EMP025,ESNAP_202604_EMP025,EMP025,PER025,EREL_202604_EMP025,PERFORMANCE_SALARY,绩效薪资,earning,4000.0,CNY,1,1,COMP_SCNY,PerformanceGradeRule,,payroll_performance_salary_formula,"{""performance_salary"": {""coefficient"": 1.0, ""grade_rule_id"": ""PERF_RULE_03"", ""performance_grade"": ""C"", ""performance_record_id"": ""PERF_202604_EMP025"", ""performance_salary"": 4000.0}}"
PI_PL_202604_EMP026_BASIC_SALARY,PAYROLL_202604,PL_202604_EMP026,ESNAP_202604_EMP026,EMP026,PER026,EREL_202604_EMP026,BASIC_SALARY,基本薪资,earning,7000.0,CNY,1,1,COMP_NDSC,SalarySplitRule,,payroll_salary_split_formula,"{""basic_salary"": {""basic_salary"": 7000.0, ""basic_salary_rate"": 0.7, ""monthly_salary_total"": 10000.0, ""performance_base_rate"": 0.3, ""performance_salary_base"": 3000.0, ""position"": ""员工"", ""split_rule_id"": ""SPLIT_06""}}"
PI_PL_202604_EMP026_PERFORMANCE_SALARY,PAYROLL_202604,PL_202604_EMP026,ESNAP_202604_EMP026,EMP026,PER026,EREL_202604_EMP026,PERFORMANCE_SALARY,绩效薪资,earning,3600.0,CNY,1,1,COMP_NDSC,PerformanceGradeRule,,payroll_performance_salary_formula,"{""performance_salary"": {""coefficient"": 1.2, ""grade_rule_id"": ""PERF_RULE_02"", ""performance_grade"": ""B"", ""performance_record_id"": ""PERF_202604_EMP026"", ""performance_salary"": 3600.0}}"
PI_PL_202604_EMP027_BASIC_SALARY,PAYROLL_202604,PL_202604_EMP027,ESNAP_202604_EMP027,EMP027,PER027,EREL_202604_EMP027,BASIC_SALARY,基本薪资,earning,7000.0,CNY,1,1,COMP_SCNY,SalarySplitRule,,payroll_salary_split_formula,"{""basic_salary"": {""basic_salary"": 7000.0, ""basic_salary_rate"": 0.7, ""monthly_salary_total"": 10000.0, ""performance_base_rate"": 0.3, ""performance_salary_base"": 3000.0, ""position"": ""员工"", ""split_rule_id"": ""SPLIT_06""}}"
PI_PL_202604_EMP027_PERFORMANCE_SALARY,PAYROLL_202604,PL_202604_EMP027,ESNAP_202604_EMP027,EMP027,PER027,EREL_202604_EMP027,PERFORMANCE_SALARY,绩效薪资,earning,3000.0,CNY,1,1,COMP_SCNY,PerformanceGradeRule,,payroll_performance_salary_formula,"{""performance_salary"": {""coefficient"": 1.0, ""grade_rule_id"": ""PERF_RULE_03"", ""performance_grade"": ""C"", ""performance_record_id"": ""PERF_202604_EMP027"", ""performance_salary"": 3000.0}}"
PI_PL_202604_EMP028_BASIC_SALARY,PAYROLL_202604,PL_202604_EMP028,ESNAP_202604_EMP028,EMP028,PER028,EREL_202604_EMP028,BASIC_SALARY,基本薪资,earning,7000.0,CNY,1,1,COMP_SCNY,SalarySplitRule,,payroll_salary_split_formula,"{""basic_salary"": {""basic_salary"": 7000.0, ""basic_salary_rate"": 0.7, ""monthly_salary_total"": 10000.0, ""performance_base_rate"": 0.3, ""performance_salary_base"": 3000.0, ""position"": ""员工"", ""split_rule_id"": ""SPLIT_06""}}"
PI_PL_202604_EMP028_PERFORMANCE_SALARY,PAYROLL_202604,PL_202604_EMP028,ESNAP_202604_EMP028,EMP028,PER028,EREL_202604_EMP028,PERFORMANCE_SALARY,绩效薪资,earning,3000.0,CNY,1,1,COMP_SCNY,PerformanceGradeRule,,payroll_performance_salary_formula,"{""performance_salary"": {""coefficient"": 1.0, ""grade_rule_id"": ""PERF_RULE_03"", ""performance_grade"": ""C"", ""performance_record_id"": ""PERF_202604_EMP028"", ""performance_salary"": 3000.0}}"
PI_PL_202604_EMP028_OTHER_ADJUSTMENT,PAYROLL_202604,PL_202604_EMP028,ESNAP_202604_EMP028,EMP028,PER028,EREL_202604_EMP028,OTHER_ADJUSTMENT,其他补扣,deduction,321.84,CNY,1,1,,PayrollAdjustment,,payroll_gross_before_deduction_formula,"{""other_adjustment"": {""attendance_adjustment"": 0.0, ""basic_salary"": 7000.0, ""formula"": ""basic_salary + performance_salary + attendance_adjustment + other_adjustment"", ""other_adjustment"": -321.84, ""performance_salary"": 3000.0, ""result"": 9678.16}}"
PI_PL_202604_EMP029_BASIC_SALARY,PAYROLL_202604,PL_202604_EMP029,ESNAP_202604_EMP029,EMP029,PER029,EREL_202604_EMP029,BASIC_SALARY,基本薪资,earning,7000.0,CNY,1,1,COMP_NDSC,SalarySplitRule,,payroll_salary_split_formula,"{""basic_salary"": {""basic_salary"": 7000.0, ""basic_salary_rate"": 0.7, ""monthly_salary_total"": 10000.0, ""performance_base_rate"": 0.3, ""performance_salary_base"": 3000.0, ""position"": ""员工"", ""split_rule_id"": ""SPLIT_06""}}"
PI_PL_202604_EMP029_PERFORMANCE_SALARY,PAYROLL_202604,PL_202604_EMP029,ESNAP_202604_EMP029,EMP029,PER029,EREL_202604_EMP029,PERFORMANCE_SALARY,绩效薪资,earning,3000.0,CNY,1,1,COMP_NDSC,PerformanceGradeRule,,payroll_performance_salary_formula,"{""performance_salary"": {""coefficient"": 1.0, ""grade_rule_id"": ""PERF_RULE_03"", ""performance_grade"": ""C"", ""performance_record_id"": ""PERF_202604_EMP029"", ""performance_salary"": 3000.0}}"
PI_PL_202604_EMP030_BASIC_SALARY,PAYROLL_202604,PL_202604_EMP030,ESNAP_202604_EMP030,EMP030,PER030,EREL_202604_EMP030,BASIC_SALARY,基本薪资,earning,6000.0,CNY,1,1,COMP_JS,SalarySplitRule,,payroll_salary_split_formula,"{""basic_salary"": {""basic_salary"": 6000.0, ""basic_salary_rate"": 0.6, ""monthly_salary_total"": 10000.0, ""performance_base_rate"": 0.4, ""performance_salary_base"": 4000.0, ""position"": ""部门负责人"", ""split_rule_id"": ""SPLIT_05""}}"
PI_PL_202604_EMP030_PERFORMANCE_SALARY,PAYROLL_202604,PL_202604_EMP030,ESNAP_202604_EMP030,EMP030,PER030,EREL_202604_EMP030,PERFORMANCE_SALARY,绩效薪资,earning,4000.0,CNY,1,1,COMP_JS,PerformanceGradeRule,,payroll_performance_salary_formula,"{""performance_salary"": {""coefficient"": 1.0, ""grade_rule_id"": ""PERF_RULE_03"", ""performance_grade"": ""C"", ""performance_record_id"": ""PERF_202604_EMP030"", ""performance_salary"": 4000.0}}"
PI_PL_202604_EMP031_BASIC_SALARY,PAYROLL_202604,PL_202604_EMP031,ESNAP_202604_EMP031,EMP031,PER031,EREL_202604_EMP031,BASIC_SALARY,基本薪资,earning,7000.0,CNY,1,1,COMP_NDSC,SalarySplitRule,,payroll_salary_split_formula,"{""basic_salary"": {""basic_salary"": 7000.0, ""basic_salary_rate"": 0.7, ""monthly_salary_total"": 10000.0, ""performance_base_rate"": 0.3, ""performance_salary_base"": 3000.0, ""position"": ""员工"", ""split_rule_id"": ""SPLIT_06""}}"
PI_PL_202604_EMP031_PERFORMANCE_SALARY,PAYROLL_202604,PL_202604_EMP031,ESNAP_202604_EMP031,EMP031,PER031,EREL_202604_EMP031,PERFORMANCE_SALARY,绩效薪资,earning,3000.0,CNY,1,1,COMP_NDSC,PerformanceGradeRule,,payroll_performance_salary_formula,"{""performance_salary"": {""coefficient"": 1.0, ""grade_rule_id"": ""PERF_RULE_03"", ""performance_grade"": ""C"", ""performance_record_id"": ""PERF_202604_EMP031"", ""performance_salary"": 3000.0}}"
PI_PL_202604_EMP032_BASIC_SALARY,PAYROLL_202604,PL_202604_EMP032,ESNAP_202604_EMP032,EMP032,PER032,EREL_202604_EMP032,BASIC_SALARY,基本薪资,earning,7000.0,CNY,1,1,COMP_NDSC,SalarySplitRule,,payroll_salary_split_formula,"{""basic_salary"": {""basic_salary"": 7000.0, ""basic_salary_rate"": 0.7, ""monthly_salary_total"": 10000.0, ""performance_base_rate"": 0.3, ""performance_salary_base"": 3000.0, ""position"": ""员工"", ""split_rule_id"": ""SPLIT_06""}}"
PI_PL_202604_EMP032_PERFORMANCE_SALARY,PAYROLL_202604,PL_202604_EMP032,ESNAP_202604_EMP032,EMP032,PER032,EREL_202604_EMP032,PERFORMANCE_SALARY,绩效薪资,earning,3000.0,CNY,1,1,COMP_NDSC,PerformanceGradeRule,,payroll_performance_salary_formula,"{""performance_salary"": {""coefficient"": 1.0, ""grade_rule_id"": ""PERF_RULE_03"", ""performance_grade"": ""C"", ""performance_record_id"": ""PERF_202604_EMP032"", ""performance_salary"": 3000.0}}"
PI_PL_202604_EMP033_BASIC_SALARY,PAYROLL_202604,PL_202604_EMP033,ESNAP_202604_EMP033,EMP033,PER033,EREL_202604_EMP033,BASIC_SALARY,基本薪资,earning,7000.0,CNY,1,1,COMP_NDSC,SalarySplitRule,,payroll_salary_split_formula,"{""basic_salary"": {""basic_salary"": 7000.0, ""basic_salary_rate"": 0.7, ""monthly_salary_total"": 10000.0, ""performance_base_rate"": 0.3, ""performance_salary_base"": 3000.0, ""position"": ""员工"", ""split_rule_id"": ""SPLIT_06""}}"
PI_PL_202604_EMP033_PERFORMANCE_SALARY,PAYROLL_202604,PL_202604_EMP033,ESNAP_202604_EMP033,EMP033,PER033,EREL_202604_EMP033,PERFORMANCE_SALARY,绩效薪资,earning,3000.0,CNY,1,1,COMP_NDSC,PerformanceGradeRule,,payroll_performance_salary_formula,"{""performance_salary"": {""coefficient"": 1.0, ""grade_rule_id"": ""PERF_RULE_03"", ""performance_grade"": ""C"", ""performance_record_id"": ""PERF_202604_EMP033"", ""performance_salary"": 3000.0}}"
PI_PL_202604_EMP034_BASIC_SALARY,PAYROLL_202604,PL_202604_EMP034,ESNAP_202604_EMP034,EMP034,PER034,EREL_202604_EMP034,BASIC_SALARY,基本薪资,earning,7000.0,CNY,1,1,COMP_SCNY,SalarySplitRule,,payroll_salary_split_formula,"{""basic_salary"": {""basic_salary"": 7000.0, ""basic_salary_rate"": 0.7, ""monthly_salary_total"": 10000.0, ""performance_base_rate"": 0.3, ""performance_salary_base"": 3000.0, ""position"": ""员工"", ""split_rule_id"": ""SPLIT_06""}}"
PI_PL_202604_EMP034_PERFORMANCE_SALARY,PAYROLL_202604,PL_202604_EMP034,ESNAP_202604_EMP034,EMP034,PER034,EREL_202604_EMP034,PERFORMANCE_SALARY,绩效薪资,earning,3000.0,CNY,1,1,COMP_SCNY,PerformanceGradeRule,,payroll_performance_salary_formula,"{""performance_salary"": {""coefficient"": 1.0, ""grade_rule_id"": ""PERF_RULE_03"", ""performance_grade"": ""C"", ""performance_record_id"": ""PERF_202604_EMP034"", ""performance_salary"": 3000.0}}"
PI_PL_202604_EMP035_BASIC_SALARY,PAYROLL_202604,PL_202604_EMP035,ESNAP_202604_EMP035,EMP035,PER035,EREL_202604_EMP035,BASIC_SALARY,基本薪资,earning,7000.0,CNY,1,1,COMP_NDSC,SalarySplitRule,,payroll_salary_split_formula,"{""basic_salary"": {""basic_salary"": 7000.0, ""basic_salary_rate"": 0.7, ""monthly_salary_total"": 10000.0, ""performance_base_rate"": 0.3, ""performance_salary_base"": 3000.0, ""position"": ""员工"", ""split_rule_id"": ""SPLIT_06""}}"
PI_PL_202604_EMP035_PERFORMANCE_SALARY,PAYROLL_202604,PL_202604_EMP035,ESNAP_202604_EMP035,EMP035,PER035,EREL_202604_EMP035,PERFORMANCE_SALARY,绩效薪资,earning,3000.0,CNY,1,1,COMP_NDSC,PerformanceGradeRule,,payroll_performance_salary_formula,"{""performance_salary"": {""coefficient"": 1.0, ""grade_rule_id"": ""PERF_RULE_03"", ""performance_grade"": ""C"", ""performance_record_id"": ""PERF_202604_EMP035"", ""performance_salary"": 3000.0}}"
PI_PL_202604_EMP036_BASIC_SALARY,PAYROLL_202604,PL_202604_EMP036,ESNAP_202604_EMP036,EMP036,PER036,EREL_202604_EMP036,BASIC_SALARY,基本薪资,earning,7000.0,CNY,1,1,COMP_NDSC,SalarySplitRule,,payroll_salary_split_formula,"{""basic_salary"": {""basic_salary"": 7000.0, ""basic_salary_rate"": 0.7, ""monthly_salary_total"": 10000.0, ""performance_base_rate"": 0.3, ""performance_salary_base"": 3000.0, ""position"": ""员工"", ""split_rule_id"": ""SPLIT_06""}}"
PI_PL_202604_EMP036_PERFORMANCE_SALARY,PAYROLL_202604,PL_202604_EMP036,ESNAP_202604_EMP036,EMP036,PER036,EREL_202604_EMP036,PERFORMANCE_SALARY,绩效薪资,earning,3000.0,CNY,1,1,COMP_NDSC,PerformanceGradeRule,,payroll_performance_salary_formula,"{""performance_salary"": {""coefficient"": 1.0, ""grade_rule_id"": ""PERF_RULE_03"", ""performance_grade"": ""C"", ""performance_record_id"": ""PERF_202604_EMP036"", ""performance_salary"": 3000.0}}"
PI_PL_202604_EMP037_BASIC_SALARY,PAYROLL_202604,PL_202604_EMP037,ESNAP_202604_EMP037,EMP037,PER037,EREL_202604_EMP037,BASIC_SALARY,基本薪资,earning,7000.0,CNY,1,1,COMP_NDSC,SalarySplitRule,,payroll_salary_split_formula,"{""basic_salary"": {""basic_salary"": 7000.0, ""basic_salary_rate"": 0.7, ""monthly_salary_total"": 10000.0, ""performance_base_rate"": 0.3, ""performance_salary_base"": 3000.0, ""position"": ""员工"", ""split_rule_id"": ""SPLIT_06""}}"
PI_PL_202604_EMP037_PERFORMANCE_SALARY,PAYROLL_202604,PL_202604_EMP037,ESNAP_202604_EMP037,EMP037,PER037,EREL_202604_EMP037,PERFORMANCE_SALARY,绩效薪资,earning,3000.0,CNY,1,1,COMP_NDSC,PerformanceGradeRule,,payroll_performance_salary_formula,"{""performance_salary"": {""coefficient"": 1.0, ""grade_rule_id"": ""PERF_RULE_03"", ""performance_grade"": ""C"", ""performance_record_id"": ""PERF_202604_EMP037"", ""performance_salary"": 3000.0}}"
PI_PL_202604_EMP038_BASIC_SALARY,PAYROLL_202604,PL_202604_EMP038,ESNAP_202604_EMP038,EMP038,PER038,EREL_202604_EMP038,BASIC_SALARY,基本薪资,earning,7000.0,CNY,1,1,COMP_NDSC,SalarySplitRule,,payroll_salary_split_formula,"{""basic_salary"": {""basic_salary"": 7000.0, ""basic_salary_rate"": 0.7, ""monthly_salary_total"": 10000.0, ""performance_base_rate"": 0.3, ""performance_salary_base"": 3000.0, ""position"": ""员工"", ""split_rule_id"": ""SPLIT_06""}}"
PI_PL_202604_EMP038_PERFORMANCE_SALARY,PAYROLL_202604,PL_202604_EMP038,ESNAP_202604_EMP038,EMP038,PER038,EREL_202604_EMP038,PERFORMANCE_SALARY,绩效薪资,earning,3600.0,CNY,1,1,COMP_NDSC,PerformanceGradeRule,,payroll_performance_salary_formula,"{""performance_salary"": {""coefficient"": 1.2, ""grade_rule_id"": ""PERF_RULE_02"", ""performance_grade"": ""B"", ""performance_record_id"": ""PERF_202604_EMP038"", ""performance_salary"": 3600.0}}"
PI_PL_202604_EMP039_BASIC_SALARY,PAYROLL_202604,PL_202604_EMP039,ESNAP_202604_EMP039,EMP039,PER039,EREL_202604_EMP039,BASIC_SALARY,基本薪资,earning,7000.0,CNY,1,1,COMP_NDSC,SalarySplitRule,,payroll_salary_split_formula,"{""basic_salary"": {""basic_salary"": 7000.0, ""basic_salary_rate"": 0.7, ""monthly_salary_total"": 10000.0, ""performance_base_rate"": 0.3, ""performance_salary_base"": 3000.0, ""position"": ""员工"", ""split_rule_id"": ""SPLIT_06""}}"
PI_PL_202604_EMP039_PERFORMANCE_SALARY,PAYROLL_202604,PL_202604_EMP039,ESNAP_202604_EMP039,EMP039,PER039,EREL_202604_EMP039,PERFORMANCE_SALARY,绩效薪资,earning,3000.0,CNY,1,1,COMP_NDSC,PerformanceGradeRule,,payroll_performance_salary_formula,"{""performance_salary"": {""coefficient"": 1.0, ""grade_rule_id"": ""PERF_RULE_03"", ""performance_grade"": ""C"", ""performance_record_id"": ""PERF_202604_EMP039"", ""performance_salary"": 3000.0}}"
PI_PL_202604_EMP040_BASIC_SALARY,PAYROLL_202604,PL_202604_EMP040,ESNAP_202604_EMP040,EMP040,PER040,EREL_202604_EMP040,BASIC_SALARY,基本薪资,earning,7000.0,CNY,1,1,COMP_NDSC,SalarySplitRule,,payroll_salary_split_formula,"{""basic_salary"": {""basic_salary"": 7000.0, ""basic_salary_rate"": 0.7, ""monthly_salary_total"": 10000.0, ""performance_base_rate"": 0.3, ""performance_salary_base"": 3000.0, ""position"": ""员工"", ""split_rule_id"": ""SPLIT_06""}}"
PI_PL_202604_EMP040_PERFORMANCE_SALARY,PAYROLL_202604,PL_202604_EMP040,ESNAP_202604_EMP040,EMP040,PER040,EREL_202604_EMP040,PERFORMANCE_SALARY,绩效薪资,earning,3000.0,CNY,1,1,COMP_NDSC,PerformanceGradeRule,,payroll_performance_salary_formula,"{""performance_salary"": {""coefficient"": 1.0, ""grade_rule_id"": ""PERF_RULE_03"", ""performance_grade"": ""C"", ""performance_record_id"": ""PERF_202604_EMP040"", ""performance_salary"": 3000.0}}"
PI_PL_202604_EMP041_BASIC_SALARY,PAYROLL_202604,PL_202604_EMP041,ESNAP_202604_EMP041,EMP041,PER041,EREL_202604_EMP041,BASIC_SALARY,基本薪资,earning,6000.0,CNY,1,1,COMP_JS,SalarySplitRule,,payroll_salary_split_formula,"{""basic_salary"": {""basic_salary"": 6000.0, ""basic_salary_rate"": 0.6, ""monthly_salary_total"": 10000.0, ""performance_base_rate"": 0.4, ""performance_salary_base"": 4000.0, ""position"": ""部门负责人"", ""split_rule_id"": ""SPLIT_05""}}"
PI_PL_202604_EMP041_PERFORMANCE_SALARY,PAYROLL_202604,PL_202604_EMP041,ESNAP_202604_EMP041,EMP041,PER041,EREL_202604_EMP041,PERFORMANCE_SALARY,绩效薪资,earning,4000.0,CNY,1,1,COMP_JS,PerformanceGradeRule,,payroll_performance_salary_formula,"{""performance_salary"": {""coefficient"": 1.0, ""grade_rule_id"": ""PERF_RULE_03"", ""performance_grade"": ""C"", ""performance_record_id"": ""PERF_202604_EMP041"", ""performance_salary"": 4000.0}}"
PI_PL_202604_EMP042_BASIC_SALARY,PAYROLL_202604,PL_202604_EMP042,ESNAP_202604_EMP042,EMP042,PER042,EREL_202604_EMP042,BASIC_SALARY,基本薪资,earning,7000.0,CNY,1,1,COMP_NDSC,SalarySplitRule,,payroll_salary_split_formula,"{""basic_salary"": {""basic_salary"": 7000.0, ""basic_salary_rate"": 0.7, ""monthly_salary_total"": 10000.0, ""performance_base_rate"": 0.3, ""performance_salary_base"": 3000.0, ""position"": ""员工"", ""split_rule_id"": ""SPLIT_06""}}"
PI_PL_202604_EMP042_PERFORMANCE_SALARY,PAYROLL_202604,PL_202604_EMP042,ESNAP_202604_EMP042,EMP042,PER042,EREL_202604_EMP042,PERFORMANCE_SALARY,绩效薪资,earning,3000.0,CNY,1,1,COMP_NDSC,PerformanceGradeRule,,payroll_performance_salary_formula,"{""performance_salary"": {""coefficient"": 1.0, ""grade_rule_id"": ""PERF_RULE_03"", ""performance_grade"": ""C"", ""performance_record_id"": ""PERF_202604_EMP042"", ""performance_salary"": 3000.0}}"
PI_PL_202604_EMP043_BASIC_SALARY,PAYROLL_202604,PL_202604_EMP043,ESNAP_202604_EMP043,EMP043,PER043,EREL_202604_EMP043,BASIC_SALARY,基本薪资,earning,7000.0,CNY,1,1,COMP_NDSC,SalarySplitRule,,payroll_salary_split_formula,"{""basic_salary"": {""basic_salary"": 7000.0, ""basic_salary_rate"": 0.7, ""monthly_salary_total"": 10000.0, ""performance_base_rate"": 0.3, ""performance_salary_base"": 3000.0, ""position"": ""员工"", ""split_rule_id"": ""SPLIT_06""}}"
PI_PL_202604_EMP043_PERFORMANCE_SALARY,PAYROLL_202604,PL_202604_EMP043,ESNAP_202604_EMP043,EMP043,PER043,EREL_202604_EMP043,PERFORMANCE_SALARY,绩效薪资,earning,3000.0,CNY,1,1,COMP_NDSC,PerformanceGradeRule,,payroll_performance_salary_formula,"{""performance_salary"": {""coefficient"": 1.0, ""grade_rule_id"": ""PERF_RULE_03"", ""performance_grade"": ""C"", ""performance_record_id"": ""PERF_202604_EMP043"", ""performance_salary"": 3000.0}}"
PI_PL_202604_EMP044_BASIC_SALARY,PAYROLL_202604,PL_202604_EMP044,ESNAP_202604_EMP044,EMP044,PER044,EREL_202604_EMP044,BASIC_SALARY,基本薪资,earning,7000.0,CNY,1,1,COMP_NDSC,SalarySplitRule,,payroll_salary_split_formula,"{""basic_salary"": {""basic_salary"": 7000.0, ""basic_salary_rate"": 0.7, ""monthly_salary_total"": 10000.0, ""performance_base_rate"": 0.3, ""performance_salary_base"": 3000.0, ""position"": ""员工"", ""split_rule_id"": ""SPLIT_06""}}"
PI_PL_202604_EMP044_PERFORMANCE_SALARY,PAYROLL_202604,PL_202604_EMP044,ESNAP_202604_EMP044,EMP044,PER044,EREL_202604_EMP044,PERFORMANCE_SALARY,绩效薪资,earning,3000.0,CNY,1,1,COMP_NDSC,PerformanceGradeRule,,payroll_performance_salary_formula,"{""performance_salary"": {""coefficient"": 1.0, ""grade_rule_id"": ""PERF_RULE_03"", ""performance_grade"": ""C"", ""performance_record_id"": ""PERF_202604_EMP044"", ""performance_salary"": 3000.0}}"
PI_PL_202604_EMP045_BASIC_SALARY,PAYROLL_202604,PL_202604_EMP045,ESNAP_202604_EMP045,EMP045,PER045,EREL_202604_EMP045,BASIC_SALARY,基本薪资,earning,7000.0,CNY,1,1,COMP_NDSC,SalarySplitRule,,payroll_salary_split_formula,"{""basic_salary"": {""basic_salary"": 7000.0, ""basic_salary_rate"": 0.7, ""monthly_salary_total"": 10000.0, ""performance_base_rate"": 0.3, ""performance_salary_base"": 3000.0, ""position"": ""员工"", ""split_rule_id"": ""SPLIT_06""}}"
PI_PL_202604_EMP045_PERFORMANCE_SALARY,PAYROLL_202604,PL_202604_EMP045,ESNAP_202604_EMP045,EMP045,PER045,EREL_202604_EMP045,PERFORMANCE_SALARY,绩效薪资,earning,3000.0,CNY,1,1,COMP_NDSC,PerformanceGradeRule,,payroll_performance_salary_formula,"{""performance_salary"": {""coefficient"": 1.0, ""grade_rule_id"": ""PERF_RULE_03"", ""performance_grade"": ""C"", ""performance_record_id"": ""PERF_202604_EMP045"", ""performance_salary"": 3000.0}}"
PI_PL_202604_EMP046_BASIC_SALARY,PAYROLL_202604,PL_202604_EMP046,ESNAP_202604_EMP046,EMP046,PER046,EREL_202604_EMP046,BASIC_SALARY,基本薪资,earning,7000.0,CNY,1,1,COMP_NDSC,SalarySplitRule,,payroll_salary_split_formula,"{""basic_salary"": {""basic_salary"": 7000.0, ""basic_salary_rate"": 0.7, ""monthly_salary_total"": 10000.0, ""performance_base_rate"": 0.3, ""performance_salary_base"": 3000.0, ""position"": ""员工"", ""split_rule_id"": ""SPLIT_06""}}"
PI_PL_202604_EMP046_PERFORMANCE_SALARY,PAYROLL_202604,PL_202604_EMP046,ESNAP_202604_EMP046,EMP046,PER046,EREL_202604_EMP046,PERFORMANCE_SALARY,绩效薪资,earning,3600.0,CNY,1,1,COMP_NDSC,PerformanceGradeRule,,payroll_performance_salary_formula,"{""performance_salary"": {""coefficient"": 1.2, ""grade_rule_id"": ""PERF_RULE_02"", ""performance_grade"": ""B"", ""performance_record_id"": ""PERF_202604_EMP046"", ""performance_salary"": 3600.0}}"
PI_PL_202604_EMP047_BASIC_SALARY,PAYROLL_202604,PL_202604_EMP047,ESNAP_202604_EMP047,EMP047,PER047,EREL_202604_EMP047,BASIC_SALARY,基本薪资,earning,7000.0,CNY,1,1,COMP_NDSC,SalarySplitRule,,payroll_salary_split_formula,"{""basic_salary"": {""basic_salary"": 7000.0, ""basic_salary_rate"": 0.7, ""monthly_salary_total"": 10000.0, ""performance_base_rate"": 0.3, ""performance_salary_base"": 3000.0, ""position"": ""员工"", ""split_rule_id"": ""SPLIT_06""}}"
PI_PL_202604_EMP047_PERFORMANCE_SALARY,PAYROLL_202604,PL_202604_EMP047,ESNAP_202604_EMP047,EMP047,PER047,EREL_202604_EMP047,PERFORMANCE_SALARY,绩效薪资,earning,3600.0,CNY,1,1,COMP_NDSC,PerformanceGradeRule,,payroll_performance_salary_formula,"{""performance_salary"": {""coefficient"": 1.2, ""grade_rule_id"": ""PERF_RULE_02"", ""performance_grade"": ""B"", ""performance_record_id"": ""PERF_202604_EMP047"", ""performance_salary"": 3600.0}}"
PI_PL_202604_EMP048_BASIC_SALARY,PAYROLL_202604,PL_202604_EMP048,ESNAP_202604_EMP048,EMP048,PER048,EREL_202604_EMP048,BASIC_SALARY,基本薪资,earning,7000.0,CNY,1,1,COMP_NDSC,SalarySplitRule,,payroll_salary_split_formula,"{""basic_salary"": {""basic_salary"": 7000.0, ""basic_salary_rate"": 0.7, ""monthly_salary_total"": 10000.0, ""performance_base_rate"": 0.3, ""performance_salary_base"": 3000.0, ""position"": ""员工"", ""split_rule_id"": ""SPLIT_06""}}"
PI_PL_202604_EMP048_PERFORMANCE_SALARY,PAYROLL_202604,PL_202604_EMP048,ESNAP_202604_EMP048,EMP048,PER048,EREL_202604_EMP048,PERFORMANCE_SALARY,绩效薪资,earning,3000.0,CNY,1,1,COMP_NDSC,PerformanceGradeRule,,payroll_performance_salary_formula,"{""performance_salary"": {""coefficient"": 1.0, ""grade_rule_id"": ""PERF_RULE_03"", ""performance_grade"": ""C"", ""performance_record_id"": ""PERF_202604_EMP048"", ""performance_salary"": 3000.0}}"
PI_PL_202604_EMP049_BASIC_SALARY,PAYROLL_202604,PL_202604_EMP049,ESNAP_202604_EMP049,EMP049,PER049,EREL_202604_EMP049,BASIC_SALARY,基本薪资,earning,7000.0,CNY,1,1,COMP_NDSC,SalarySplitRule,,payroll_salary_split_formula,"{""basic_salary"": {""basic_salary"": 7000.0, ""basic_salary_rate"": 0.7, ""monthly_salary_total"": 10000.0, ""performance_base_rate"": 0.3, ""performance_salary_base"": 3000.0, ""position"": ""员工"", ""split_rule_id"": ""SPLIT_06""}}"
PI_PL_202604_EMP049_PERFORMANCE_SALARY,PAYROLL_202604,PL_202604_EMP049,ESNAP_202604_EMP049,EMP049,PER049,EREL_202604_EMP049,PERFORMANCE_SALARY,绩效薪资,earning,3000.0,CNY,1,1,COMP_NDSC,PerformanceGradeRule,,payroll_performance_salary_formula,"{""performance_salary"": {""coefficient"": 1.0, ""grade_rule_id"": ""PERF_RULE_03"", ""performance_grade"": ""C"", ""performance_record_id"": ""PERF_202604_EMP049"", ""performance_salary"": 3000.0}}"
PI_PL_202604_EMP050_BASIC_SALARY,PAYROLL_202604,PL_202604_EMP050,ESNAP_202604_EMP050,EMP050,PER050,EREL_202604_EMP050,BASIC_SALARY,基本薪资,earning,7000.0,CNY,1,1,COMP_NDSC,SalarySplitRule,,payroll_salary_split_formula,"{""basic_salary"": {""basic_salary"": 7000.0, ""basic_salary_rate"": 0.7, ""monthly_salary_total"": 10000.0, ""performance_base_rate"": 0.3, ""performance_salary_base"": 3000.0, ""position"": ""员工"", ""split_rule_id"": ""SPLIT_06""}}"
PI_PL_202604_EMP050_PERFORMANCE_SALARY,PAYROLL_202604,PL_202604_EMP050,ESNAP_202604_EMP050,EMP050,PER050,EREL_202604_EMP050,PERFORMANCE_SALARY,绩效薪资,earning,3000.0,CNY,1,1,COMP_NDSC,PerformanceGradeRule,,payroll_performance_salary_formula,"{""performance_salary"": {""coefficient"": 1.0, ""grade_rule_id"": ""PERF_RULE_03"", ""performance_grade"": ""C"", ""performance_record_id"": ""PERF_202604_EMP050"", ""performance_salary"": 3000.0}}"
PI_PL_202604_EMP051_BASIC_SALARY,PAYROLL_202604,PL_202604_EMP051,ESNAP_202604_EMP051,EMP051,PER051,EREL_202604_EMP051,BASIC_SALARY,基本薪资,earning,7000.0,CNY,1,1,COMP_NDSC,SalarySplitRule,,payroll_salary_split_formula,"{""basic_salary"": {""basic_salary"": 7000.0, ""basic_salary_rate"": 0.7, ""monthly_salary_total"": 10000.0, ""performance_base_rate"": 0.3, ""performance_salary_base"": 3000.0, ""position"": ""员工"", ""split_rule_id"": ""SPLIT_06""}}"
PI_PL_202604_EMP051_PERFORMANCE_SALARY,PAYROLL_202604,PL_202604_EMP051,ESNAP_202604_EMP051,EMP051,PER051,EREL_202604_EMP051,PERFORMANCE_SALARY,绩效薪资,earning,2400.0,CNY,1,1,COMP_NDSC,PerformanceGradeRule,,payroll_performance_salary_formula,"{""performance_salary"": {""coefficient"": 0.8, ""grade_rule_id"": ""PERF_RULE_04"", ""performance_grade"": ""D"", ""performance_record_id"": ""PERF_202604_EMP051"", ""performance_salary"": 2400.0}}"
PI_PL_202604_EMP051_OTHER_ADJUSTMENT,PAYROLL_202604,PL_202604_EMP051,ESNAP_202604_EMP051,EMP051,PER051,EREL_202604_EMP051,OTHER_ADJUSTMENT,其他补扣,deduction,1680.0,CNY,1,1,,PayrollAdjustment,,payroll_gross_before_deduction_formula,"{""other_adjustment"": {""attendance_adjustment"": 0.0, ""basic_salary"": 7000.0, ""formula"": ""basic_salary + performance_salary + attendance_adjustment + other_adjustment"", ""other_adjustment"": -1680.0, ""performance_salary"": 2400.0, ""result"": 7720.0}}"
PI_PL_202604_EMP052_BASIC_SALARY,PAYROLL_202604,PL_202604_EMP052,ESNAP_202604_EMP052,EMP052,PER052,EREL_202604_EMP052,BASIC_SALARY,基本薪资,earning,7000.0,CNY,1,1,COMP_SCNY,SalarySplitRule,,payroll_salary_split_formula,"{""basic_salary"": {""basic_salary"": 7000.0, ""basic_salary_rate"": 0.7, ""monthly_salary_total"": 10000.0, ""performance_base_rate"": 0.3, ""performance_salary_base"": 3000.0, ""position"": ""员工"", ""split_rule_id"": ""SPLIT_06""}}"
PI_PL_202604_EMP052_PERFORMANCE_SALARY,PAYROLL_202604,PL_202604_EMP052,ESNAP_202604_EMP052,EMP052,PER052,EREL_202604_EMP052,PERFORMANCE_SALARY,绩效薪资,earning,2400.0,CNY,1,1,COMP_SCNY,PerformanceGradeRule,,payroll_performance_salary_formula,"{""performance_salary"": {""coefficient"": 0.8, ""grade_rule_id"": ""PERF_RULE_04"", ""performance_grade"": ""D"", ""performance_record_id"": ""PERF_202604_EMP052"", ""performance_salary"": 2400.0}}"
PI_PL_202604_EMP052_OTHER_ADJUSTMENT,PAYROLL_202604,PL_202604_EMP052,ESNAP_202604_EMP052,EMP052,PER052,EREL_202604_EMP052,OTHER_ADJUSTMENT,其他补扣,deduction,900.0,CNY,1,1,,PayrollAdjustment,,payroll_gross_before_deduction_formula,"{""other_adjustment"": {""attendance_adjustment"": 0.0, ""basic_salary"": 7000.0, ""formula"": ""basic_salary + performance_salary + attendance_adjustment + other_adjustment"", ""other_adjustment"": -900.0, ""performance_salary"": 2400.0, ""result"": 8500.0}}"
PI_PL_202604_EMP053_BASIC_SALARY,PAYROLL_202604,PL_202604_EMP053,ESNAP_202604_EMP053,EMP053,PER053,EREL_202604_EMP053,BASIC_SALARY,基本薪资,earning,7000.0,CNY,1,1,COMP_SCNY,SalarySplitRule,,payroll_salary_split_formula,"{""basic_salary"": {""basic_salary"": 7000.0, ""basic_salary_rate"": 0.7, ""monthly_salary_total"": 10000.0, ""performance_base_rate"": 0.3, ""performance_salary_base"": 3000.0, ""position"": ""员工"", ""split_rule_id"": ""SPLIT_06""}}"
PI_PL_202604_EMP053_PERFORMANCE_SALARY,PAYROLL_202604,PL_202604_EMP053,ESNAP_202604_EMP053,EMP053,PER053,EREL_202604_EMP053,PERFORMANCE_SALARY,绩效薪资,earning,3000.0,CNY,1,1,COMP_SCNY,PerformanceGradeRule,,payroll_performance_salary_formula,"{""performance_salary"": {""coefficient"": 1.0, ""grade_rule_id"": ""PERF_RULE_03"", ""performance_grade"": ""C"", ""performance_record_id"": ""PERF_202604_EMP053"", ""performance_salary"": 3000.0}}"
PI_PL_202604_EMP054_BASIC_SALARY,PAYROLL_202604,PL_202604_EMP054,ESNAP_202604_EMP054,EMP054,PER054,EREL_202604_EMP054,BASIC_SALARY,基本薪资,earning,7000.0,CNY,1,1,COMP_NDSC,SalarySplitRule,,payroll_salary_split_formula,"{""basic_salary"": {""basic_salary"": 7000.0, ""basic_salary_rate"": 0.7, ""monthly_salary_total"": 10000.0, ""performance_base_rate"": 0.3, ""performance_salary_base"": 3000.0, ""position"": ""员工"", ""split_rule_id"": ""SPLIT_06""}}"
PI_PL_202604_EMP054_PERFORMANCE_SALARY,PAYROLL_202604,PL_202604_EMP054,ESNAP_202604_EMP054,EMP054,PER054,EREL_202604_EMP054,PERFORMANCE_SALARY,绩效薪资,earning,3000.0,CNY,1,1,COMP_NDSC,PerformanceGradeRule,,payroll_performance_salary_formula,"{""performance_salary"": {""coefficient"": 1.0, ""grade_rule_id"": ""PERF_RULE_03"", ""performance_grade"": ""C"", ""performance_record_id"": ""PERF_202604_EMP054"", ""performance_salary"": 3000.0}}"
PI_PL_202604_EMP055_BASIC_SALARY,PAYROLL_202604,PL_202604_EMP055,ESNAP_202604_EMP055,EMP055,PER055,EREL_202604_EMP055,BASIC_SALARY,基本薪资,earning,7000.0,CNY,1,1,COMP_NDSC,SalarySplitRule,,payroll_salary_split_formula,"{""basic_salary"": {""basic_salary"": 7000.0, ""basic_salary_rate"": 0.7, ""monthly_salary_total"": 10000.0, ""performance_base_rate"": 0.3, ""performance_salary_base"": 3000.0, ""position"": ""员工"", ""split_rule_id"": ""SPLIT_06""}}"
PI_PL_202604_EMP055_PERFORMANCE_SALARY,PAYROLL_202604,PL_202604_EMP055,ESNAP_202604_EMP055,EMP055,PER055,EREL_202604_EMP055,PERFORMANCE_SALARY,绩效薪资,earning,3000.0,CNY,1,1,COMP_NDSC,PerformanceGradeRule,,payroll_performance_salary_formula,"{""performance_salary"": {""coefficient"": 1.0, ""grade_rule_id"": ""PERF_RULE_03"", ""performance_grade"": ""C"", ""performance_record_id"": ""PERF_202604_EMP055"", ""performance_salary"": 3000.0}}"
PI_PL_202604_EMP056_BASIC_SALARY,PAYROLL_202604,PL_202604_EMP056,ESNAP_202604_EMP056,EMP056,PER056,EREL_202604_EMP056,BASIC_SALARY,基本薪资,earning,7000.0,CNY,1,1,COMP_NDSC,SalarySplitRule,,payroll_salary_split_formula,"{""basic_salary"": {""basic_salary"": 7000.0, ""basic_salary_rate"": 0.7, ""monthly_salary_total"": 10000.0, ""performance_base_rate"": 0.3, ""performance_salary_base"": 3000.0, ""position"": ""员工"", ""split_rule_id"": ""SPLIT_06""}}"
PI_PL_202604_EMP056_PERFORMANCE_SALARY,PAYROLL_202604,PL_202604_EMP056,ESNAP_202604_EMP056,EMP056,PER056,EREL_202604_EMP056,PERFORMANCE_SALARY,绩效薪资,earning,3000.0,CNY,1,1,COMP_NDSC,PerformanceGradeRule,,payroll_performance_salary_formula,"{""performance_salary"": {""coefficient"": 1.0, ""grade_rule_id"": ""PERF_RULE_03"", ""performance_grade"": ""C"", ""performance_record_id"": ""PERF_202604_EMP056"", ""performance_salary"": 3000.0}}"
PI_PL_202604_EMP057_BASIC_SALARY,PAYROLL_202604,PL_202604_EMP057,ESNAP_202604_EMP057,EMP057,PER057,EREL_202604_EMP057,BASIC_SALARY,基本薪资,earning,7000.0,CNY,1,1,COMP_NDSC,SalarySplitRule,,payroll_salary_split_formula,"{""basic_salary"": {""basic_salary"": 7000.0, ""basic_salary_rate"": 0.7, ""monthly_salary_total"": 10000.0, ""performance_base_rate"": 0.3, ""performance_salary_base"": 3000.0, ""position"": ""员工"", ""split_rule_id"": ""SPLIT_06""}}"
PI_PL_202604_EMP057_PERFORMANCE_SALARY,PAYROLL_202604,PL_202604_EMP057,ESNAP_202604_EMP057,EMP057,PER057,EREL_202604_EMP057,PERFORMANCE_SALARY,绩效薪资,earning,3000.0,CNY,1,1,COMP_NDSC,PerformanceGradeRule,,payroll_performance_salary_formula,"{""performance_salary"": {""coefficient"": 1.0, ""grade_rule_id"": ""PERF_RULE_03"", ""performance_grade"": ""C"", ""performance_record_id"": ""PERF_202604_EMP057"", ""performance_salary"": 3000.0}}"
PI_PL_202604_EMP058_BASIC_SALARY,PAYROLL_202604,PL_202604_EMP058,ESNAP_202604_EMP058,EMP058,PER058,EREL_202604_EMP058,BASIC_SALARY,基本薪资,earning,7000.0,CNY,1,1,COMP_NDSC,SalarySplitRule,,payroll_salary_split_formula,"{""basic_salary"": {""basic_salary"": 7000.0, ""basic_salary_rate"": 0.7, ""monthly_salary_total"": 10000.0, ""performance_base_rate"": 0.3, ""performance_salary_base"": 3000.0, ""position"": ""员工"", ""split_rule_id"": ""SPLIT_06""}}"
PI_PL_202604_EMP058_PERFORMANCE_SALARY,PAYROLL_202604,PL_202604_EMP058,ESNAP_202604_EMP058,EMP058,PER058,EREL_202604_EMP058,PERFORMANCE_SALARY,绩效薪资,earning,3000.0,CNY,1,1,COMP_NDSC,PerformanceGradeRule,,payroll_performance_salary_formula,"{""performance_salary"": {""coefficient"": 1.0, ""grade_rule_id"": ""PERF_RULE_03"", ""performance_grade"": ""C"", ""performance_record_id"": ""PERF_202604_EMP058"", ""performance_salary"": 3000.0}}"
PI_PL_202604_EMP059_BASIC_SALARY,PAYROLL_202604,PL_202604_EMP059,ESNAP_202604_EMP059,EMP059,PER059,EREL_202604_EMP059,BASIC_SALARY,基本薪资,earning,6000.0,CNY,1,1,COMP_JS,SalarySplitRule,,payroll_salary_split_formula,"{""basic_salary"": {""basic_salary"": 6000.0, ""basic_salary_rate"": 0.6, ""monthly_salary_total"": 10000.0, ""performance_base_rate"": 0.4, ""performance_salary_base"": 4000.0, ""position"": ""部门负责人"", ""split_rule_id"": ""SPLIT_05""}}"
PI_PL_202604_EMP059_PERFORMANCE_SALARY,PAYROLL_202604,PL_202604_EMP059,ESNAP_202604_EMP059,EMP059,PER059,EREL_202604_EMP059,PERFORMANCE_SALARY,绩效薪资,earning,4000.0,CNY,1,1,COMP_JS,PerformanceGradeRule,,payroll_performance_salary_formula,"{""performance_salary"": {""coefficient"": 1.0, ""grade_rule_id"": ""PERF_RULE_03"", ""performance_grade"": ""C"", ""performance_record_id"": ""PERF_202604_EMP059"", ""performance_salary"": 4000.0}}"
PI_PL_202604_EMP060_BASIC_SALARY,PAYROLL_202604,PL_202604_EMP060,ESNAP_202604_EMP060,EMP060,PER060,EREL_202604_EMP060,BASIC_SALARY,基本薪资,earning,7000.0,CNY,1,1,COMP_NDSC,SalarySplitRule,,payroll_salary_split_formula,"{""basic_salary"": {""basic_salary"": 7000.0, ""basic_salary_rate"": 0.7, ""monthly_salary_total"": 10000.0, ""performance_base_rate"": 0.3, ""performance_salary_base"": 3000.0, ""position"": ""员工"", ""split_rule_id"": ""SPLIT_06""}}"
PI_PL_202604_EMP060_PERFORMANCE_SALARY,PAYROLL_202604,PL_202604_EMP060,ESNAP_202604_EMP060,EMP060,PER060,EREL_202604_EMP060,PERFORMANCE_SALARY,绩效薪资,earning,3000.0,CNY,1,1,COMP_NDSC,PerformanceGradeRule,,payroll_performance_salary_formula,"{""performance_salary"": {""coefficient"": 1.0, ""grade_rule_id"": ""PERF_RULE_03"", ""performance_grade"": ""C"", ""performance_record_id"": ""PERF_202604_EMP060"", ""performance_salary"": 3000.0}}"
PI_PL_202604_EMP061_BASIC_SALARY,PAYROLL_202604,PL_202604_EMP061,ESNAP_202604_EMP061,EMP061,PER061,EREL_202604_EMP061,BASIC_SALARY,基本薪资,earning,7000.0,CNY,1,1,COMP_NDSC,SalarySplitRule,,payroll_salary_split_formula,"{""basic_salary"": {""basic_salary"": 7000.0, ""basic_salary_rate"": 0.7, ""monthly_salary_total"": 10000.0, ""performance_base_rate"": 0.3, ""performance_salary_base"": 3000.0, ""position"": ""员工"", ""split_rule_id"": ""SPLIT_06""}}"
PI_PL_202604_EMP061_PERFORMANCE_SALARY,PAYROLL_202604,PL_202604_EMP061,ESNAP_202604_EMP061,EMP061,PER061,EREL_202604_EMP061,PERFORMANCE_SALARY,绩效薪资,earning,3600.0,CNY,1,1,COMP_NDSC,PerformanceGradeRule,,payroll_performance_salary_formula,"{""performance_salary"": {""coefficient"": 1.2, ""grade_rule_id"": ""PERF_RULE_02"", ""performance_grade"": ""B"", ""performance_record_id"": ""PERF_202604_EMP061"", ""performance_salary"": 3600.0}}"
PI_PL_202604_EMP062_BASIC_SALARY,PAYROLL_202604,PL_202604_EMP062,ESNAP_202604_EMP062,EMP062,PER062,EREL_202604_EMP062,BASIC_SALARY,基本薪资,earning,7000.0,CNY,1,1,COMP_NDSC,SalarySplitRule,,payroll_salary_split_formula,"{""basic_salary"": {""basic_salary"": 7000.0, ""basic_salary_rate"": 0.7, ""monthly_salary_total"": 10000.0, ""performance_base_rate"": 0.3, ""performance_salary_base"": 3000.0, ""position"": ""员工"", ""split_rule_id"": ""SPLIT_06""}}"
PI_PL_202604_EMP062_PERFORMANCE_SALARY,PAYROLL_202604,PL_202604_EMP062,ESNAP_202604_EMP062,EMP062,PER062,EREL_202604_EMP062,PERFORMANCE_SALARY,绩效薪资,earning,3000.0,CNY,1,1,COMP_NDSC,PerformanceGradeRule,,payroll_performance_salary_formula,"{""performance_salary"": {""coefficient"": 1.0, ""grade_rule_id"": ""PERF_RULE_03"", ""performance_grade"": ""C"", ""performance_record_id"": ""PERF_202604_EMP062"", ""performance_salary"": 3000.0}}"
PI_PL_202604_EMP063_BASIC_SALARY,PAYROLL_202604,PL_202604_EMP063,ESNAP_202604_EMP063,EMP063,PER063,EREL_202604_EMP063,BASIC_SALARY,基本薪资,earning,7000.0,CNY,1,1,COMP_NDSC,SalarySplitRule,,payroll_salary_split_formula,"{""basic_salary"": {""basic_salary"": 7000.0, ""basic_salary_rate"": 0.7, ""monthly_salary_total"": 10000.0, ""performance_base_rate"": 0.3, ""performance_salary_base"": 3000.0, ""position"": ""员工"", ""split_rule_id"": ""SPLIT_06""}}"
PI_PL_202604_EMP063_PERFORMANCE_SALARY,PAYROLL_202604,PL_202604_EMP063,ESNAP_202604_EMP063,EMP063,PER063,EREL_202604_EMP063,PERFORMANCE_SALARY,绩效薪资,earning,3000.0,CNY,1,1,COMP_NDSC,PerformanceGradeRule,,payroll_performance_salary_formula,"{""performance_salary"": {""coefficient"": 1.0, ""grade_rule_id"": ""PERF_RULE_03"", ""performance_grade"": ""C"", ""performance_record_id"": ""PERF_202604_EMP063"", ""performance_salary"": 3000.0}}"
PI_PL_202604_EMP064_BASIC_SALARY,PAYROLL_202604,PL_202604_EMP064,ESNAP_202604_EMP064,EMP064,PER064,EREL_202604_EMP064,BASIC_SALARY,基本薪资,earning,7000.0,CNY,1,1,COMP_NDSC,SalarySplitRule,,payroll_salary_split_formula,"{""basic_salary"": {""basic_salary"": 7000.0, ""basic_salary_rate"": 0.7, ""monthly_salary_total"": 10000.0, ""performance_base_rate"": 0.3, ""performance_salary_base"": 3000.0, ""position"": ""员工"", ""split_rule_id"": ""SPLIT_06""}}"
PI_PL_202604_EMP064_PERFORMANCE_SALARY,PAYROLL_202604,PL_202604_EMP064,ESNAP_202604_EMP064,EMP064,PER064,EREL_202604_EMP064,PERFORMANCE_SALARY,绩效薪资,earning,3000.0,CNY,1,1,COMP_NDSC,PerformanceGradeRule,,payroll_performance_salary_formula,"{""performance_salary"": {""coefficient"": 1.0, ""grade_rule_id"": ""PERF_RULE_03"", ""performance_grade"": ""C"", ""performance_record_id"": ""PERF_202604_EMP064"", ""performance_salary"": 3000.0}}"
PI_PL_202604_EMP065_BASIC_SALARY,PAYROLL_202604,PL_202604_EMP065,ESNAP_202604_EMP065,EMP065,PER065,EREL_202604_EMP065,BASIC_SALARY,基本薪资,earning,7000.0,CNY,1,1,COMP_NDSC,SalarySplitRule,,payroll_salary_split_formula,"{""basic_salary"": {""basic_salary"": 7000.0, ""basic_salary_rate"": 0.7, ""monthly_salary_total"": 10000.0, ""performance_base_rate"": 0.3, ""performance_salary_base"": 3000.0, ""position"": ""员工"", ""split_rule_id"": ""SPLIT_06""}}"
PI_PL_202604_EMP065_PERFORMANCE_SALARY,PAYROLL_202604,PL_202604_EMP065,ESNAP_202604_EMP065,EMP065,PER065,EREL_202604_EMP065,PERFORMANCE_SALARY,绩效薪资,earning,3000.0,CNY,1,1,COMP_NDSC,PerformanceGradeRule,,payroll_performance_salary_formula,"{""performance_salary"": {""coefficient"": 1.0, ""grade_rule_id"": ""PERF_RULE_03"", ""performance_grade"": ""C"", ""performance_record_id"": ""PERF_202604_EMP065"", ""performance_salary"": 3000.0}}"
PI_PL_202604_EMP066_BASIC_SALARY,PAYROLL_202604,PL_202604_EMP066,ESNAP_202604_EMP066,EMP066,PER066,EREL_202604_EMP066,BASIC_SALARY,基本薪资,earning,7000.0,CNY,1,1,COMP_NDSC,SalarySplitRule,,payroll_salary_split_formula,"{""basic_salary"": {""basic_salary"": 7000.0, ""basic_salary_rate"": 0.7, ""monthly_salary_total"": 10000.0, ""performance_base_rate"": 0.3, ""performance_salary_base"": 3000.0, ""position"": ""员工"", ""split_rule_id"": ""SPLIT_06""}}"
PI_PL_202604_EMP066_PERFORMANCE_SALARY,PAYROLL_202604,PL_202604_EMP066,ESNAP_202604_EMP066,EMP066,PER066,EREL_202604_EMP066,PERFORMANCE_SALARY,绩效薪资,earning,3000.0,CNY,1,1,COMP_NDSC,PerformanceGradeRule,,payroll_performance_salary_formula,"{""performance_salary"": {""coefficient"": 1.0, ""grade_rule_id"": ""PERF_RULE_03"", ""performance_grade"": ""C"", ""performance_record_id"": ""PERF_202604_EMP066"", ""performance_salary"": 3000.0}}"
PI_PL_202604_EMP067_BASIC_SALARY,PAYROLL_202604,PL_202604_EMP067,ESNAP_202604_EMP067,EMP067,PER067,EREL_202604_EMP067,BASIC_SALARY,基本薪资,earning,7000.0,CNY,1,1,COMP_NDSC,SalarySplitRule,,payroll_salary_split_formula,"{""basic_salary"": {""basic_salary"": 7000.0, ""basic_salary_rate"": 0.7, ""monthly_salary_total"": 10000.0, ""performance_base_rate"": 0.3, ""performance_salary_base"": 3000.0, ""position"": ""员工"", ""split_rule_id"": ""SPLIT_06""}}"
PI_PL_202604_EMP067_PERFORMANCE_SALARY,PAYROLL_202604,PL_202604_EMP067,ESNAP_202604_EMP067,EMP067,PER067,EREL_202604_EMP067,PERFORMANCE_SALARY,绩效薪资,earning,3000.0,CNY,1,1,COMP_NDSC,PerformanceGradeRule,,payroll_performance_salary_formula,"{""performance_salary"": {""coefficient"": 1.0, ""grade_rule_id"": ""PERF_RULE_03"", ""performance_grade"": ""C"", ""performance_record_id"": ""PERF_202604_EMP067"", ""performance_salary"": 3000.0}}"
PI_PL_202604_EMP068_BASIC_SALARY,PAYROLL_202604,PL_202604_EMP068,ESNAP_202604_EMP068,EMP068,PER068,EREL_202604_EMP068,BASIC_SALARY,基本薪资,earning,7000.0,CNY,1,1,COMP_NDSC,SalarySplitRule,,payroll_salary_split_formula,"{""basic_salary"": {""basic_salary"": 7000.0, ""basic_salary_rate"": 0.7, ""monthly_salary_total"": 10000.0, ""performance_base_rate"": 0.3, ""performance_salary_base"": 3000.0, ""position"": ""员工"", ""split_rule_id"": ""SPLIT_06""}}"
PI_PL_202604_EMP068_PERFORMANCE_SALARY,PAYROLL_202604,PL_202604_EMP068,ESNAP_202604_EMP068,EMP068,PER068,EREL_202604_EMP068,PERFORMANCE_SALARY,绩效薪资,earning,3000.0,CNY,1,1,COMP_NDSC,PerformanceGradeRule,,payroll_performance_salary_formula,"{""performance_salary"": {""coefficient"": 1.0, ""grade_rule_id"": ""PERF_RULE_03"", ""performance_grade"": ""C"", ""performance_record_id"": ""PERF_202604_EMP068"", ""performance_salary"": 3000.0}}"
PI_PL_202604_EMP069_BASIC_SALARY,PAYROLL_202604,PL_202604_EMP069,ESNAP_202604_EMP069,EMP069,PER069,EREL_202604_EMP069,BASIC_SALARY,基本薪资,earning,7000.0,CNY,1,1,COMP_NDSC,SalarySplitRule,,payroll_salary_split_formula,"{""basic_salary"": {""basic_salary"": 7000.0, ""basic_salary_rate"": 0.7, ""monthly_salary_total"": 10000.0, ""performance_base_rate"": 0.3, ""performance_salary_base"": 3000.0, ""position"": ""员工"", ""split_rule_id"": ""SPLIT_06""}}"
PI_PL_202604_EMP069_PERFORMANCE_SALARY,PAYROLL_202604,PL_202604_EMP069,ESNAP_202604_EMP069,EMP069,PER069,EREL_202604_EMP069,PERFORMANCE_SALARY,绩效薪资,earning,3600.0,CNY,1,1,COMP_NDSC,PerformanceGradeRule,,payroll_performance_salary_formula,"{""performance_salary"": {""coefficient"": 1.2, ""grade_rule_id"": ""PERF_RULE_02"", ""performance_grade"": ""B"", ""performance_record_id"": ""PERF_202604_EMP069"", ""performance_salary"": 3600.0}}"
PI_PL_202604_EMP070_BASIC_SALARY,PAYROLL_202604,PL_202604_EMP070,ESNAP_202604_EMP070,EMP070,PER070,EREL_202604_EMP070,BASIC_SALARY,基本薪资,earning,7000.0,CNY,1,1,COMP_NDSC,SalarySplitRule,,payroll_salary_split_formula,"{""basic_salary"": {""basic_salary"": 7000.0, ""basic_salary_rate"": 0.7, ""monthly_salary_total"": 10000.0, ""performance_base_rate"": 0.3, ""performance_salary_base"": 3000.0, ""position"": ""员工"", ""split_rule_id"": ""SPLIT_06""}}"
PI_PL_202604_EMP070_PERFORMANCE_SALARY,PAYROLL_202604,PL_202604_EMP070,ESNAP_202604_EMP070,EMP070,PER070,EREL_202604_EMP070,PERFORMANCE_SALARY,绩效薪资,earning,3000.0,CNY,1,1,COMP_NDSC,PerformanceGradeRule,,payroll_performance_salary_formula,"{""performance_salary"": {""coefficient"": 1.0, ""grade_rule_id"": ""PERF_RULE_03"", ""performance_grade"": ""C"", ""performance_record_id"": ""PERF_202604_EMP070"", ""performance_salary"": 3000.0}}"
PI_PL_202604_EMP071_BASIC_SALARY,PAYROLL_202604,PL_202604_EMP071,ESNAP_202604_EMP071,EMP071,PER071,EREL_202604_EMP071,BASIC_SALARY,基本薪资,earning,7000.0,CNY,1,1,COMP_NDSC,SalarySplitRule,,payroll_salary_split_formula,"{""basic_salary"": {""basic_salary"": 7000.0, ""basic_salary_rate"": 0.7, ""monthly_salary_total"": 10000.0, ""performance_base_rate"": 0.3, ""performance_salary_base"": 3000.0, ""position"": ""员工"", ""split_rule_id"": ""SPLIT_06""}}"
PI_PL_202604_EMP071_PERFORMANCE_SALARY,PAYROLL_202604,PL_202604_EMP071,ESNAP_202604_EMP071,EMP071,PER071,EREL_202604_EMP071,PERFORMANCE_SALARY,绩效薪资,earning,3000.0,CNY,1,1,COMP_NDSC,PerformanceGradeRule,,payroll_performance_salary_formula,"{""performance_salary"": {""coefficient"": 1.0, ""grade_rule_id"": ""PERF_RULE_03"", ""performance_grade"": ""C"", ""performance_record_id"": ""PERF_202604_EMP071"", ""performance_salary"": 3000.0}}"
PI_PL_202604_EMP072_BASIC_SALARY,PAYROLL_202604,PL_202604_EMP072,ESNAP_202604_EMP072,EMP072,PER072,EREL_202604_EMP072,BASIC_SALARY,基本薪资,earning,7000.0,CNY,1,1,COMP_NDSC,SalarySplitRule,,payroll_salary_split_formula,"{""basic_salary"": {""basic_salary"": 7000.0, ""basic_salary_rate"": 0.7, ""monthly_salary_total"": 10000.0, ""performance_base_rate"": 0.3, ""performance_salary_base"": 3000.0, ""position"": ""员工"", ""split_rule_id"": ""SPLIT_06""}}"
PI_PL_202604_EMP072_PERFORMANCE_SALARY,PAYROLL_202604,PL_202604_EMP072,ESNAP_202604_EMP072,EMP072,PER072,EREL_202604_EMP072,PERFORMANCE_SALARY,绩效薪资,earning,3000.0,CNY,1,1,COMP_NDSC,PerformanceGradeRule,,payroll_performance_salary_formula,"{""performance_salary"": {""coefficient"": 1.0, ""grade_rule_id"": ""PERF_RULE_03"", ""performance_grade"": ""C"", ""performance_record_id"": ""PERF_202604_EMP072"", ""performance_salary"": 3000.0}}"
PI_PL_202604_EMP073_BASIC_SALARY,PAYROLL_202604,PL_202604_EMP073,ESNAP_202604_EMP073,EMP073,PER073,EREL_202604_EMP073,BASIC_SALARY,基本薪资,earning,7000.0,CNY,1,1,COMP_NDSC,SalarySplitRule,,payroll_salary_split_formula,"{""basic_salary"": {""basic_salary"": 7000.0, ""basic_salary_rate"": 0.7, ""monthly_salary_total"": 10000.0, ""performance_base_rate"": 0.3, ""performance_salary_base"": 3000.0, ""position"": ""员工"", ""split_rule_id"": ""SPLIT_06""}}"
PI_PL_202604_EMP073_PERFORMANCE_SALARY,PAYROLL_202604,PL_202604_EMP073,ESNAP_202604_EMP073,EMP073,PER073,EREL_202604_EMP073,PERFORMANCE_SALARY,绩效薪资,earning,3000.0,CNY,1,1,COMP_NDSC,PerformanceGradeRule,,payroll_performance_salary_formula,"{""performance_salary"": {""coefficient"": 1.0, ""grade_rule_id"": ""PERF_RULE_03"", ""performance_grade"": ""C"", ""performance_record_id"": ""PERF_202604_EMP073"", ""performance_salary"": 3000.0}}"
PI_PL_202604_EMP074_BASIC_SALARY,PAYROLL_202604,PL_202604_EMP074,ESNAP_202604_EMP074,EMP074,PER074,EREL_202604_EMP074,BASIC_SALARY,基本薪资,earning,7000.0,CNY,1,1,COMP_NDSC,SalarySplitRule,,payroll_salary_split_formula,"{""basic_salary"": {""basic_salary"": 7000.0, ""basic_salary_rate"": 0.7, ""monthly_salary_total"": 10000.0, ""performance_base_rate"": 0.3, ""performance_salary_base"": 3000.0, ""position"": ""员工"", ""split_rule_id"": ""SPLIT_06""}}"
PI_PL_202604_EMP074_PERFORMANCE_SALARY,PAYROLL_202604,PL_202604_EMP074,ESNAP_202604_EMP074,EMP074,PER074,EREL_202604_EMP074,PERFORMANCE_SALARY,绩效薪资,earning,3000.0,CNY,1,1,COMP_NDSC,PerformanceGradeRule,,payroll_performance_salary_formula,"{""performance_salary"": {""coefficient"": 1.0, ""grade_rule_id"": ""PERF_RULE_03"", ""performance_grade"": ""C"", ""performance_record_id"": ""PERF_202604_EMP074"", ""performance_salary"": 3000.0}}"
PI_PL_202604_EMP075_BASIC_SALARY,PAYROLL_202604,PL_202604_EMP075,ESNAP_202604_EMP075,EMP075,PER075,EREL_202604_EMP075,BASIC_SALARY,基本薪资,earning,7000.0,CNY,1,1,COMP_NDSC,SalarySplitRule,,payroll_salary_split_formula,"{""basic_salary"": {""basic_salary"": 7000.0, ""basic_salary_rate"": 0.7, ""monthly_salary_total"": 10000.0, ""performance_base_rate"": 0.3, ""performance_salary_base"": 3000.0, ""position"": ""员工"", ""split_rule_id"": ""SPLIT_06""}}"
PI_PL_202604_EMP075_PERFORMANCE_SALARY,PAYROLL_202604,PL_202604_EMP075,ESNAP_202604_EMP075,EMP075,PER075,EREL_202604_EMP075,PERFORMANCE_SALARY,绩效薪资,earning,3000.0,CNY,1,1,COMP_NDSC,PerformanceGradeRule,,payroll_performance_salary_formula,"{""performance_salary"": {""coefficient"": 1.0, ""grade_rule_id"": ""PERF_RULE_03"", ""performance_grade"": ""C"", ""performance_record_id"": ""PERF_202604_EMP075"", ""performance_salary"": 3000.0}}"
PI_PL_202604_EMP076_BASIC_SALARY,PAYROLL_202604,PL_202604_EMP076,ESNAP_202604_EMP076,EMP076,PER076,EREL_202604_EMP076,BASIC_SALARY,基本薪资,earning,7000.0,CNY,1,1,COMP_NDSC,SalarySplitRule,,payroll_salary_split_formula,"{""basic_salary"": {""basic_salary"": 7000.0, ""basic_salary_rate"": 0.7, ""monthly_salary_total"": 10000.0, ""performance_base_rate"": 0.3, ""performance_salary_base"": 3000.0, ""position"": ""员工"", ""split_rule_id"": ""SPLIT_06""}}"
PI_PL_202604_EMP076_PERFORMANCE_SALARY,PAYROLL_202604,PL_202604_EMP076,ESNAP_202604_EMP076,EMP076,PER076,EREL_202604_EMP076,PERFORMANCE_SALARY,绩效薪资,earning,3000.0,CNY,1,1,COMP_NDSC,PerformanceGradeRule,,payroll_performance_salary_formula,"{""performance_salary"": {""coefficient"": 1.0, ""grade_rule_id"": ""PERF_RULE_03"", ""performance_grade"": ""C"", ""performance_record_id"": ""PERF_202604_EMP076"", ""performance_salary"": 3000.0}}"
PI_PL_202604_EMP077_BASIC_SALARY,PAYROLL_202604,PL_202604_EMP077,ESNAP_202604_EMP077,EMP077,PER077,EREL_202604_EMP077,BASIC_SALARY,基本薪资,earning,7000.0,CNY,1,1,COMP_NDSC,SalarySplitRule,,payroll_salary_split_formula,"{""basic_salary"": {""basic_salary"": 7000.0, ""basic_salary_rate"": 0.7, ""monthly_salary_total"": 10000.0, ""performance_base_rate"": 0.3, ""performance_salary_base"": 3000.0, ""position"": ""员工"", ""split_rule_id"": ""SPLIT_06""}}"
PI_PL_202604_EMP077_PERFORMANCE_SALARY,PAYROLL_202604,PL_202604_EMP077,ESNAP_202604_EMP077,EMP077,PER077,EREL_202604_EMP077,PERFORMANCE_SALARY,绩效薪资,earning,3000.0,CNY,1,1,COMP_NDSC,PerformanceGradeRule,,payroll_performance_salary_formula,"{""performance_salary"": {""coefficient"": 1.0, ""grade_rule_id"": ""PERF_RULE_03"", ""performance_grade"": ""C"", ""performance_record_id"": ""PERF_202604_EMP077"", ""performance_salary"": 3000.0}}"
PI_PL_202604_EMP078_BASIC_SALARY,PAYROLL_202604,PL_202604_EMP078,ESNAP_202604_EMP078,EMP078,PER078,EREL_202604_EMP078,BASIC_SALARY,基本薪资,earning,7000.0,CNY,1,1,COMP_NDSC,SalarySplitRule,,payroll_salary_split_formula,"{""basic_salary"": {""basic_salary"": 7000.0, ""basic_salary_rate"": 0.7, ""monthly_salary_total"": 10000.0, ""performance_base_rate"": 0.3, ""performance_salary_base"": 3000.0, ""position"": ""员工"", ""split_rule_id"": ""SPLIT_06""}}"
PI_PL_202604_EMP078_PERFORMANCE_SALARY,PAYROLL_202604,PL_202604_EMP078,ESNAP_202604_EMP078,EMP078,PER078,EREL_202604_EMP078,PERFORMANCE_SALARY,绩效薪资,earning,3000.0,CNY,1,1,COMP_NDSC,PerformanceGradeRule,,payroll_performance_salary_formula,"{""performance_salary"": {""coefficient"": 1.0, ""grade_rule_id"": ""PERF_RULE_03"", ""performance_grade"": ""C"", ""performance_record_id"": ""PERF_202604_EMP078"", ""performance_salary"": 3000.0}}"
PI_PL_202604_EMP079_BASIC_SALARY,PAYROLL_202604,PL_202604_EMP079,ESNAP_202604_EMP079,EMP079,PER079,EREL_202604_EMP079,BASIC_SALARY,基本薪资,earning,7000.0,CNY,1,1,COMP_NDSC,SalarySplitRule,,payroll_salary_split_formula,"{""basic_salary"": {""basic_salary"": 7000.0, ""basic_salary_rate"": 0.7, ""monthly_salary_total"": 10000.0, ""performance_base_rate"": 0.3, ""performance_salary_base"": 3000.0, ""position"": ""员工"", ""split_rule_id"": ""SPLIT_06""}}"
PI_PL_202604_EMP079_PERFORMANCE_SALARY,PAYROLL_202604,PL_202604_EMP079,ESNAP_202604_EMP079,EMP079,PER079,EREL_202604_EMP079,PERFORMANCE_SALARY,绩效薪资,earning,3000.0,CNY,1,1,COMP_NDSC,PerformanceGradeRule,,payroll_performance_salary_formula,"{""performance_salary"": {""coefficient"": 1.0, ""grade_rule_id"": ""PERF_RULE_03"", ""performance_grade"": ""C"", ""performance_record_id"": ""PERF_202604_EMP079"", ""performance_salary"": 3000.0}}"
PI_PL_202604_EMP080_BASIC_SALARY,PAYROLL_202604,PL_202604_EMP080,ESNAP_202604_EMP080,EMP080,PER080,EREL_202604_EMP080,BASIC_SALARY,基本薪资,earning,7000.0,CNY,1,1,COMP_NDSC,SalarySplitRule,,payroll_salary_split_formula,"{""basic_salary"": {""basic_salary"": 7000.0, ""basic_salary_rate"": 0.7, ""monthly_salary_total"": 10000.0, ""performance_base_rate"": 0.3, ""performance_salary_base"": 3000.0, ""position"": ""员工"", ""split_rule_id"": ""SPLIT_06""}}"
PI_PL_202604_EMP080_PERFORMANCE_SALARY,PAYROLL_202604,PL_202604_EMP080,ESNAP_202604_EMP080,EMP080,PER080,EREL_202604_EMP080,PERFORMANCE_SALARY,绩效薪资,earning,3000.0,CNY,1,1,COMP_NDSC,PerformanceGradeRule,,payroll_performance_salary_formula,"{""performance_salary"": {""coefficient"": 1.0, ""grade_rule_id"": ""PERF_RULE_03"", ""performance_grade"": ""C"", ""performance_record_id"": ""PERF_202604_EMP080"", ""performance_salary"": 3000.0}}"
PI_PL_202604_EMP081_BASIC_SALARY,PAYROLL_202604,PL_202604_EMP081,ESNAP_202604_EMP081,EMP081,PER081,EREL_202604_EMP081,BASIC_SALARY,基本薪资,earning,7000.0,CNY,1,1,COMP_NDSC,SalarySplitRule,,payroll_salary_split_formula,"{""basic_salary"": {""basic_salary"": 7000.0, ""basic_salary_rate"": 0.7, ""monthly_salary_total"": 10000.0, ""performance_base_rate"": 0.3, ""performance_salary_base"": 3000.0, ""position"": ""员工"", ""split_rule_id"": ""SPLIT_06""}}"
PI_PL_202604_EMP081_PERFORMANCE_SALARY,PAYROLL_202604,PL_202604_EMP081,ESNAP_202604_EMP081,EMP081,PER081,EREL_202604_EMP081,PERFORMANCE_SALARY,绩效薪资,earning,3000.0,CNY,1,1,COMP_NDSC,PerformanceGradeRule,,payroll_performance_salary_formula,"{""performance_salary"": {""coefficient"": 1.0, ""grade_rule_id"": ""PERF_RULE_03"", ""performance_grade"": ""C"", ""performance_record_id"": ""PERF_202604_EMP081"", ""performance_salary"": 3000.0}}"
PI_PL_202604_EMP082_BASIC_SALARY,PAYROLL_202604,PL_202604_EMP082,ESNAP_202604_EMP082,EMP082,PER082,EREL_202604_EMP082,BASIC_SALARY,基本薪资,earning,7000.0,CNY,1,1,COMP_SCNY,SalarySplitRule,,payroll_salary_split_formula,"{""basic_salary"": {""basic_salary"": 7000.0, ""basic_salary_rate"": 0.7, ""monthly_salary_total"": 10000.0, ""performance_base_rate"": 0.3, ""performance_salary_base"": 3000.0, ""position"": ""员工"", ""split_rule_id"": ""SPLIT_06""}}"
PI_PL_202604_EMP082_PERFORMANCE_SALARY,PAYROLL_202604,PL_202604_EMP082,ESNAP_202604_EMP082,EMP082,PER082,EREL_202604_EMP082,PERFORMANCE_SALARY,绩效薪资,earning,3000.0,CNY,1,1,COMP_SCNY,PerformanceGradeRule,,payroll_performance_salary_formula,"{""performance_salary"": {""coefficient"": 1.0, ""grade_rule_id"": ""PERF_RULE_03"", ""performance_grade"": ""C"", ""performance_record_id"": ""PERF_202604_EMP082"", ""performance_salary"": 3000.0}}"
PI_PL_202604_EMP083_BASIC_SALARY,PAYROLL_202604,PL_202604_EMP083,ESNAP_202604_EMP083,EMP083,PER083,EREL_202604_EMP083,BASIC_SALARY,基本薪资,earning,7000.0,CNY,1,1,COMP_NDSC,SalarySplitRule,,payroll_salary_split_formula,"{""basic_salary"": {""basic_salary"": 7000.0, ""basic_salary_rate"": 0.7, ""monthly_salary_total"": 10000.0, ""performance_base_rate"": 0.3, ""performance_salary_base"": 3000.0, ""position"": ""员工"", ""split_rule_id"": ""SPLIT_06""}}"
PI_PL_202604_EMP083_PERFORMANCE_SALARY,PAYROLL_202604,PL_202604_EMP083,ESNAP_202604_EMP083,EMP083,PER083,EREL_202604_EMP083,PERFORMANCE_SALARY,绩效薪资,earning,3000.0,CNY,1,1,COMP_NDSC,PerformanceGradeRule,,payroll_performance_salary_formula,"{""performance_salary"": {""coefficient"": 1.0, ""grade_rule_id"": ""PERF_RULE_03"", ""performance_grade"": ""C"", ""performance_record_id"": ""PERF_202604_EMP083"", ""performance_salary"": 3000.0}}"
PI_PL_202604_EMP084_BASIC_SALARY,PAYROLL_202604,PL_202604_EMP084,ESNAP_202604_EMP084,EMP084,PER084,EREL_202604_EMP084,BASIC_SALARY,基本薪资,earning,7000.0,CNY,1,1,COMP_NDSC,SalarySplitRule,,payroll_salary_split_formula,"{""basic_salary"": {""basic_salary"": 7000.0, ""basic_salary_rate"": 0.7, ""monthly_salary_total"": 10000.0, ""performance_base_rate"": 0.3, ""performance_salary_base"": 3000.0, ""position"": ""员工"", ""split_rule_id"": ""SPLIT_06""}}"
PI_PL_202604_EMP084_PERFORMANCE_SALARY,PAYROLL_202604,PL_202604_EMP084,ESNAP_202604_EMP084,EMP084,PER084,EREL_202604_EMP084,PERFORMANCE_SALARY,绩效薪资,earning,3000.0,CNY,1,1,COMP_NDSC,PerformanceGradeRule,,payroll_performance_salary_formula,"{""performance_salary"": {""coefficient"": 1.0, ""grade_rule_id"": ""PERF_RULE_03"", ""performance_grade"": ""C"", ""performance_record_id"": ""PERF_202604_EMP084"", ""performance_salary"": 3000.0}}"
PI_PL_202604_EMP085_BASIC_SALARY,PAYROLL_202604,PL_202604_EMP085,ESNAP_202604_EMP085,EMP085,PER085,EREL_202604_EMP085,BASIC_SALARY,基本薪资,earning,7000.0,CNY,1,1,COMP_NDSC,SalarySplitRule,,payroll_salary_split_formula,"{""basic_salary"": {""basic_salary"": 7000.0, ""basic_salary_rate"": 0.7, ""monthly_salary_total"": 10000.0, ""performance_base_rate"": 0.3, ""performance_salary_base"": 3000.0, ""position"": ""员工"", ""split_rule_id"": ""SPLIT_06""}}"
PI_PL_202604_EMP085_PERFORMANCE_SALARY,PAYROLL_202604,PL_202604_EMP085,ESNAP_202604_EMP085,EMP085,PER085,EREL_202604_EMP085,PERFORMANCE_SALARY,绩效薪资,earning,3000.0,CNY,1,1,COMP_NDSC,PerformanceGradeRule,,payroll_performance_salary_formula,"{""performance_salary"": {""coefficient"": 1.0, ""grade_rule_id"": ""PERF_RULE_03"", ""performance_grade"": ""C"", ""performance_record_id"": ""PERF_202604_EMP085"", ""performance_salary"": 3000.0}}"
PI_PL_202604_EMP086_BASIC_SALARY,PAYROLL_202604,PL_202604_EMP086,ESNAP_202604_EMP086,EMP086,PER086,EREL_202604_EMP086,BASIC_SALARY,基本薪资,earning,7000.0,CNY,1,1,COMP_NDSC,SalarySplitRule,,payroll_salary_split_formula,"{""basic_salary"": {""basic_salary"": 7000.0, ""basic_salary_rate"": 0.7, ""monthly_salary_total"": 10000.0, ""performance_base_rate"": 0.3, ""performance_salary_base"": 3000.0, ""position"": ""员工"", ""split_rule_id"": ""SPLIT_06""}}"
PI_PL_202604_EMP086_PERFORMANCE_SALARY,PAYROLL_202604,PL_202604_EMP086,ESNAP_202604_EMP086,EMP086,PER086,EREL_202604_EMP086,PERFORMANCE_SALARY,绩效薪资,earning,3000.0,CNY,1,1,COMP_NDSC,PerformanceGradeRule,,payroll_performance_salary_formula,"{""performance_salary"": {""coefficient"": 1.0, ""grade_rule_id"": ""PERF_RULE_03"", ""performance_grade"": ""C"", ""performance_record_id"": ""PERF_202604_EMP086"", ""performance_salary"": 3000.0}}"
PI_PL_202604_EMP087_BASIC_SALARY,PAYROLL_202604,PL_202604_EMP087,ESNAP_202604_EMP087,EMP087,PER087,EREL_202604_EMP087,BASIC_SALARY,基本薪资,earning,7000.0,CNY,1,1,COMP_SCNY,SalarySplitRule,,payroll_salary_split_formula,"{""basic_salary"": {""basic_salary"": 7000.0, ""basic_salary_rate"": 0.7, ""monthly_salary_total"": 10000.0, ""performance_base_rate"": 0.3, ""performance_salary_base"": 3000.0, ""position"": ""员工"", ""split_rule_id"": ""SPLIT_06""}}"
PI_PL_202604_EMP087_PERFORMANCE_SALARY,PAYROLL_202604,PL_202604_EMP087,ESNAP_202604_EMP087,EMP087,PER087,EREL_202604_EMP087,PERFORMANCE_SALARY,绩效薪资,earning,3000.0,CNY,1,1,COMP_SCNY,PerformanceGradeRule,,payroll_performance_salary_formula,"{""performance_salary"": {""coefficient"": 1.0, ""grade_rule_id"": ""PERF_RULE_03"", ""performance_grade"": ""C"", ""performance_record_id"": ""PERF_202604_EMP087"", ""performance_salary"": 3000.0}}"
PI_PL_202604_EMP088_BASIC_SALARY,PAYROLL_202604,PL_202604_EMP088,ESNAP_202604_EMP088,EMP088,PER088,EREL_202604_EMP088,BASIC_SALARY,基本薪资,earning,7000.0,CNY,1,1,COMP_NDSC,SalarySplitRule,,payroll_salary_split_formula,"{""basic_salary"": {""basic_salary"": 7000.0, ""basic_salary_rate"": 0.7, ""monthly_salary_total"": 10000.0, ""performance_base_rate"": 0.3, ""performance_salary_base"": 3000.0, ""position"": ""员工"", ""split_rule_id"": ""SPLIT_06""}}"
PI_PL_202604_EMP088_PERFORMANCE_SALARY,PAYROLL_202604,PL_202604_EMP088,ESNAP_202604_EMP088,EMP088,PER088,EREL_202604_EMP088,PERFORMANCE_SALARY,绩效薪资,earning,3000.0,CNY,1,1,COMP_NDSC,PerformanceGradeRule,,payroll_performance_salary_formula,"{""performance_salary"": {""coefficient"": 1.0, ""grade_rule_id"": ""PERF_RULE_03"", ""performance_grade"": ""C"", ""performance_record_id"": ""PERF_202604_EMP088"", ""performance_salary"": 3000.0}}"
PI_PL_202604_EMP089_BASIC_SALARY,PAYROLL_202604,PL_202604_EMP089,ESNAP_202604_EMP089,EMP089,PER089,EREL_202604_EMP089,BASIC_SALARY,基本薪资,earning,7000.0,CNY,1,1,COMP_NDSC,SalarySplitRule,,payroll_salary_split_formula,"{""basic_salary"": {""basic_salary"": 7000.0, ""basic_salary_rate"": 0.7, ""monthly_salary_total"": 10000.0, ""performance_base_rate"": 0.3, ""performance_salary_base"": 3000.0, ""position"": ""员工"", ""split_rule_id"": ""SPLIT_06""}}"
PI_PL_202604_EMP089_PERFORMANCE_SALARY,PAYROLL_202604,PL_202604_EMP089,ESNAP_202604_EMP089,EMP089,PER089,EREL_202604_EMP089,PERFORMANCE_SALARY,绩效薪资,earning,3000.0,CNY,1,1,COMP_NDSC,PerformanceGradeRule,,payroll_performance_salary_formula,"{""performance_salary"": {""coefficient"": 1.0, ""grade_rule_id"": ""PERF_RULE_03"", ""performance_grade"": ""C"", ""performance_record_id"": ""PERF_202604_EMP089"", ""performance_salary"": 3000.0}}"
PI_PL_202604_EMP089_OTHER_ADJUSTMENT,PAYROLL_202604,PL_202604_EMP089,ESNAP_202604_EMP089,EMP089,PER089,EREL_202604_EMP089,OTHER_ADJUSTMENT,其他补扣,earning,2298.85,CNY,1,1,COMP_NDSC,PayrollAdjustment,,payroll_gross_before_deduction_formula,"{""other_adjustment"": {""attendance_adjustment"": 0.0, ""basic_salary"": 7000.0, ""formula"": ""basic_salary + performance_salary + attendance_adjustment + other_adjustment"", ""other_adjustment"": 2298.85, ""performance_salary"": 3000.0, ""result"": 12298.85}}"
PI_PL_202604_EMP090_BASIC_SALARY,PAYROLL_202604,PL_202604_EMP090,ESNAP_202604_EMP090,EMP090,PER090,EREL_202604_EMP090,BASIC_SALARY,基本薪资,earning,7000.0,CNY,1,1,COMP_NDSC,SalarySplitRule,,payroll_salary_split_formula,"{""basic_salary"": {""basic_salary"": 7000.0, ""basic_salary_rate"": 0.7, ""monthly_salary_total"": 10000.0, ""performance_base_rate"": 0.3, ""performance_salary_base"": 3000.0, ""position"": ""员工"", ""split_rule_id"": ""SPLIT_06""}}"
PI_PL_202604_EMP090_PERFORMANCE_SALARY,PAYROLL_202604,PL_202604_EMP090,ESNAP_202604_EMP090,EMP090,PER090,EREL_202604_EMP090,PERFORMANCE_SALARY,绩效薪资,earning,3000.0,CNY,1,1,COMP_NDSC,PerformanceGradeRule,,payroll_performance_salary_formula,"{""performance_salary"": {""coefficient"": 1.0, ""grade_rule_id"": ""PERF_RULE_03"", ""performance_grade"": ""C"", ""performance_record_id"": ""PERF_202604_EMP090"", ""performance_salary"": 3000.0}}"
PI_PL_202604_EMP091_BASIC_SALARY,PAYROLL_202604,PL_202604_EMP091,ESNAP_202604_EMP091,EMP091,PER091,EREL_202604_EMP091,BASIC_SALARY,基本薪资,earning,7000.0,CNY,1,1,COMP_NDSC,SalarySplitRule,,payroll_salary_split_formula,"{""basic_salary"": {""basic_salary"": 7000.0, ""basic_salary_rate"": 0.7, ""monthly_salary_total"": 10000.0, ""performance_base_rate"": 0.3, ""performance_salary_base"": 3000.0, ""position"": ""员工"", ""split_rule_id"": ""SPLIT_06""}}"
PI_PL_202604_EMP091_PERFORMANCE_SALARY,PAYROLL_202604,PL_202604_EMP091,ESNAP_202604_EMP091,EMP091,PER091,EREL_202604_EMP091,PERFORMANCE_SALARY,绩效薪资,earning,3000.0,CNY,1,1,COMP_NDSC,PerformanceGradeRule,,payroll_performance_salary_formula,"{""performance_salary"": {""coefficient"": 1.0, ""grade_rule_id"": ""PERF_RULE_03"", ""performance_grade"": ""C"", ""performance_record_id"": ""PERF_202604_EMP091"", ""performance_salary"": 3000.0}}"
PI_PL_202604_EMP092_BASIC_SALARY,PAYROLL_202604,PL_202604_EMP092,ESNAP_202604_EMP092,EMP092,PER092,EREL_202604_EMP092,BASIC_SALARY,基本薪资,earning,7000.0,CNY,1,1,COMP_NDSC,SalarySplitRule,,payroll_salary_split_formula,"{""basic_salary"": {""basic_salary"": 7000.0, ""basic_salary_rate"": 0.7, ""monthly_salary_total"": 10000.0, ""performance_base_rate"": 0.3, ""performance_salary_base"": 3000.0, ""position"": ""员工"", ""split_rule_id"": ""SPLIT_06""}}"
PI_PL_202604_EMP092_PERFORMANCE_SALARY,PAYROLL_202604,PL_202604_EMP092,ESNAP_202604_EMP092,EMP092,PER092,EREL_202604_EMP092,PERFORMANCE_SALARY,绩效薪资,earning,3000.0,CNY,1,1,COMP_NDSC,PerformanceGradeRule,,payroll_performance_salary_formula,"{""performance_salary"": {""coefficient"": 1.0, ""grade_rule_id"": ""PERF_RULE_03"", ""performance_grade"": ""C"", ""performance_record_id"": ""PERF_202604_EMP092"", ""performance_salary"": 3000.0}}"
PI_PL_202604_EMP093_BASIC_SALARY,PAYROLL_202604,PL_202604_EMP093,ESNAP_202604_EMP093,EMP093,PER093,EREL_202604_EMP093,BASIC_SALARY,基本薪资,earning,7000.0,CNY,1,1,COMP_NDSC,SalarySplitRule,,payroll_salary_split_formula,"{""basic_salary"": {""basic_salary"": 7000.0, ""basic_salary_rate"": 0.7, ""monthly_salary_total"": 10000.0, ""performance_base_rate"": 0.3, ""performance_salary_base"": 3000.0, ""position"": ""员工"", ""split_rule_id"": ""SPLIT_06""}}"
PI_PL_202604_EMP093_PERFORMANCE_SALARY,PAYROLL_202604,PL_202604_EMP093,ESNAP_202604_EMP093,EMP093,PER093,EREL_202604_EMP093,PERFORMANCE_SALARY,绩效薪资,earning,3000.0,CNY,1,1,COMP_NDSC,PerformanceGradeRule,,payroll_performance_salary_formula,"{""performance_salary"": {""coefficient"": 1.0, ""grade_rule_id"": ""PERF_RULE_03"", ""performance_grade"": ""C"", ""performance_record_id"": ""PERF_202604_EMP093"", ""performance_salary"": 3000.0}}"
PI_PL_202604_EMP094_BASIC_SALARY,PAYROLL_202604,PL_202604_EMP094,ESNAP_202604_EMP094,EMP094,PER094,EREL_202604_EMP094,BASIC_SALARY,基本薪资,earning,7000.0,CNY,1,1,COMP_NDSC,SalarySplitRule,,payroll_salary_split_formula,"{""basic_salary"": {""basic_salary"": 7000.0, ""basic_salary_rate"": 0.7, ""monthly_salary_total"": 10000.0, ""performance_base_rate"": 0.3, ""performance_salary_base"": 3000.0, ""position"": ""员工"", ""split_rule_id"": ""SPLIT_06""}}"
PI_PL_202604_EMP094_PERFORMANCE_SALARY,PAYROLL_202604,PL_202604_EMP094,ESNAP_202604_EMP094,EMP094,PER094,EREL_202604_EMP094,PERFORMANCE_SALARY,绩效薪资,earning,3000.0,CNY,1,1,COMP_NDSC,PerformanceGradeRule,,payroll_performance_salary_formula,"{""performance_salary"": {""coefficient"": 1.0, ""grade_rule_id"": ""PERF_RULE_03"", ""performance_grade"": ""C"", ""performance_record_id"": ""PERF_202604_EMP094"", ""performance_salary"": 3000.0}}"
PI_PL_202604_EMP095_BASIC_SALARY,PAYROLL_202604,PL_202604_EMP095,ESNAP_202604_EMP095,EMP095,PER095,EREL_202604_EMP095,BASIC_SALARY,基本薪资,earning,7000.0,CNY,1,1,COMP_NDSC,SalarySplitRule,,payroll_salary_split_formula,"{""basic_salary"": {""basic_salary"": 7000.0, ""basic_salary_rate"": 0.7, ""monthly_salary_total"": 10000.0, ""performance_base_rate"": 0.3, ""performance_salary_base"": 3000.0, ""position"": ""员工"", ""split_rule_id"": ""SPLIT_06""}}"
PI_PL_202604_EMP095_PERFORMANCE_SALARY,PAYROLL_202604,PL_202604_EMP095,ESNAP_202604_EMP095,EMP095,PER095,EREL_202604_EMP095,PERFORMANCE_SALARY,绩效薪资,earning,3000.0,CNY,1,1,COMP_NDSC,PerformanceGradeRule,,payroll_performance_salary_formula,"{""performance_salary"": {""coefficient"": 1.0, ""grade_rule_id"": ""PERF_RULE_03"", ""performance_grade"": ""C"", ""performance_record_id"": ""PERF_202604_EMP095"", ""performance_salary"": 3000.0}}"
PI_PL_202604_EMP096_BASIC_SALARY,PAYROLL_202604,PL_202604_EMP096,ESNAP_202604_EMP096,EMP096,PER096,EREL_202604_EMP096,BASIC_SALARY,基本薪资,earning,7000.0,CNY,1,1,COMP_SCNY,SalarySplitRule,,payroll_salary_split_formula,"{""basic_salary"": {""basic_salary"": 7000.0, ""basic_salary_rate"": 0.7, ""monthly_salary_total"": 10000.0, ""performance_base_rate"": 0.3, ""performance_salary_base"": 3000.0, ""position"": ""员工"", ""split_rule_id"": ""SPLIT_06""}}"
PI_PL_202604_EMP096_PERFORMANCE_SALARY,PAYROLL_202604,PL_202604_EMP096,ESNAP_202604_EMP096,EMP096,PER096,EREL_202604_EMP096,PERFORMANCE_SALARY,绩效薪资,earning,3000.0,CNY,1,1,COMP_SCNY,PerformanceGradeRule,,payroll_performance_salary_formula,"{""performance_salary"": {""coefficient"": 1.0, ""grade_rule_id"": ""PERF_RULE_03"", ""performance_grade"": ""C"", ""performance_record_id"": ""PERF_202604_EMP096"", ""performance_salary"": 3000.0}}"
PI_PL_202604_EMP096_OTHER_ADJUSTMENT,PAYROLL_202604,PL_202604_EMP096,ESNAP_202604_EMP096,EMP096,PER096,EREL_202604_EMP096,OTHER_ADJUSTMENT,其他补扣,deduction,160.92,CNY,1,1,,PayrollAdjustment,,payroll_gross_before_deduction_formula,"{""other_adjustment"": {""attendance_adjustment"": 0.0, ""basic_salary"": 7000.0, ""formula"": ""basic_salary + performance_salary + attendance_adjustment + other_adjustment"", ""other_adjustment"": -160.92, ""performance_salary"": 3000.0, ""result"": 9839.08}}"
PI_PL_202604_EMP097_BASIC_SALARY,PAYROLL_202604,PL_202604_EMP097,ESNAP_202604_EMP097,EMP097,PER097,EREL_202604_EMP097,BASIC_SALARY,基本薪资,earning,7000.0,CNY,1,1,COMP_NDSC,SalarySplitRule,,payroll_salary_split_formula,"{""basic_salary"": {""basic_salary"": 7000.0, ""basic_salary_rate"": 0.7, ""monthly_salary_total"": 10000.0, ""performance_base_rate"": 0.3, ""performance_salary_base"": 3000.0, ""position"": ""员工"", ""split_rule_id"": ""SPLIT_06""}}"
PI_PL_202604_EMP097_PERFORMANCE_SALARY,PAYROLL_202604,PL_202604_EMP097,ESNAP_202604_EMP097,EMP097,PER097,EREL_202604_EMP097,PERFORMANCE_SALARY,绩效薪资,earning,3000.0,CNY,1,1,COMP_NDSC,PerformanceGradeRule,,payroll_performance_salary_formula,"{""performance_salary"": {""coefficient"": 1.0, ""grade_rule_id"": ""PERF_RULE_03"", ""performance_grade"": ""C"", ""performance_record_id"": ""PERF_202604_EMP097"", ""performance_salary"": 3000.0}}"
PI_PL_202604_EMP098_BASIC_SALARY,PAYROLL_202604,PL_202604_EMP098,ESNAP_202604_EMP098,EMP098,PER098,EREL_202604_EMP098,BASIC_SALARY,基本薪资,earning,7000.0,CNY,1,1,COMP_SCNY,SalarySplitRule,,payroll_salary_split_formula,"{""basic_salary"": {""basic_salary"": 7000.0, ""basic_salary_rate"": 0.7, ""monthly_salary_total"": 10000.0, ""performance_base_rate"": 0.3, ""performance_salary_base"": 3000.0, ""position"": ""员工"", ""split_rule_id"": ""SPLIT_06""}}"
PI_PL_202604_EMP098_PERFORMANCE_SALARY,PAYROLL_202604,PL_202604_EMP098,ESNAP_202604_EMP098,EMP098,PER098,EREL_202604_EMP098,PERFORMANCE_SALARY,绩效薪资,earning,3000.0,CNY,1,1,COMP_SCNY,PerformanceGradeRule,,payroll_performance_salary_formula,"{""performance_salary"": {""coefficient"": 1.0, ""grade_rule_id"": ""PERF_RULE_03"", ""performance_grade"": ""C"", ""performance_record_id"": ""PERF_202604_EMP098"", ""performance_salary"": 3000.0}}"
PI_PL_202604_EMP099_BASIC_SALARY,PAYROLL_202604,PL_202604_EMP099,ESNAP_202604_EMP099,EMP099,PER099,EREL_202604_EMP099,BASIC_SALARY,基本薪资,earning,7000.0,CNY,1,1,COMP_NDSC,SalarySplitRule,,payroll_salary_split_formula,"{""basic_salary"": {""basic_salary"": 7000.0, ""basic_salary_rate"": 0.7, ""monthly_salary_total"": 10000.0, ""performance_base_rate"": 0.3, ""performance_salary_base"": 3000.0, ""position"": ""员工"", ""split_rule_id"": ""SPLIT_06""}}"
PI_PL_202604_EMP099_PERFORMANCE_SALARY,PAYROLL_202604,PL_202604_EMP099,ESNAP_202604_EMP099,EMP099,PER099,EREL_202604_EMP099,PERFORMANCE_SALARY,绩效薪资,earning,3000.0,CNY,1,1,COMP_NDSC,PerformanceGradeRule,,payroll_performance_salary_formula,"{""performance_salary"": {""coefficient"": 1.0, ""grade_rule_id"": ""PERF_RULE_03"", ""performance_grade"": ""C"", ""performance_record_id"": ""PERF_202604_EMP099"", ""performance_salary"": 3000.0}}"
PI_PL_202604_EMP100_BASIC_SALARY,PAYROLL_202604,PL_202604_EMP100,ESNAP_202604_EMP100,EMP100,PER100,EREL_202604_EMP100,BASIC_SALARY,基本薪资,earning,7000.0,CNY,1,1,COMP_NDSC,SalarySplitRule,,payroll_salary_split_formula,"{""basic_salary"": {""basic_salary"": 7000.0, ""basic_salary_rate"": 0.7, ""monthly_salary_total"": 10000.0, ""performance_base_rate"": 0.3, ""performance_salary_base"": 3000.0, ""position"": ""员工"", ""split_rule_id"": ""SPLIT_06""}}"
PI_PL_202604_EMP100_PERFORMANCE_SALARY,PAYROLL_202604,PL_202604_EMP100,ESNAP_202604_EMP100,EMP100,PER100,EREL_202604_EMP100,PERFORMANCE_SALARY,绩效薪资,earning,3000.0,CNY,1,1,COMP_NDSC,PerformanceGradeRule,,payroll_performance_salary_formula,"{""performance_salary"": {""coefficient"": 1.0, ""grade_rule_id"": ""PERF_RULE_03"", ""performance_grade"": ""C"", ""performance_record_id"": ""PERF_202604_EMP100"", ""performance_salary"": 3000.0}}"
PI_PL_202604_EMP101_BASIC_SALARY,PAYROLL_202604,PL_202604_EMP101,ESNAP_202604_EMP101,EMP101,PER101,EREL_202604_EMP101,BASIC_SALARY,基本薪资,earning,6000.0,CNY,1,1,COMP_NDSC,SalarySplitRule,,payroll_salary_split_formula,"{""basic_salary"": {""basic_salary"": 6000.0, ""basic_salary_rate"": 0.6, ""monthly_salary_total"": 10000.0, ""performance_base_rate"": 0.4, ""performance_salary_base"": 4000.0, ""position"": ""部门负责人"", ""split_rule_id"": ""SPLIT_05""}}"
PI_PL_202604_EMP101_PERFORMANCE_SALARY,PAYROLL_202604,PL_202604_EMP101,ESNAP_202604_EMP101,EMP101,PER101,EREL_202604_EMP101,PERFORMANCE_SALARY,绩效薪资,earning,4000.0,CNY,1,1,COMP_NDSC,PerformanceGradeRule,,payroll_performance_salary_formula,"{""performance_salary"": {""coefficient"": 1.0, ""grade_rule_id"": ""PERF_RULE_03"", ""performance_grade"": ""C"", ""performance_record_id"": ""PERF_202604_EMP101"", ""performance_salary"": 4000.0}}"
PI_PL_202604_EMP102_BASIC_SALARY,PAYROLL_202604,PL_202604_EMP102,ESNAP_202604_EMP102,EMP102,PER102,EREL_202604_EMP102,BASIC_SALARY,基本薪资,earning,7000.0,CNY,1,1,COMP_JS,SalarySplitRule,,payroll_salary_split_formula,"{""basic_salary"": {""basic_salary"": 7000.0, ""basic_salary_rate"": 0.7, ""monthly_salary_total"": 10000.0, ""performance_base_rate"": 0.3, ""performance_salary_base"": 3000.0, ""position"": ""员工"", ""split_rule_id"": ""SPLIT_06""}}"
PI_PL_202604_EMP102_PERFORMANCE_SALARY,PAYROLL_202604,PL_202604_EMP102,ESNAP_202604_EMP102,EMP102,PER102,EREL_202604_EMP102,PERFORMANCE_SALARY,绩效薪资,earning,3000.0,CNY,1,1,COMP_JS,PerformanceGradeRule,,payroll_performance_salary_formula,"{""performance_salary"": {""coefficient"": 1.0, ""grade_rule_id"": ""PERF_RULE_03"", ""performance_grade"": ""C"", ""performance_record_id"": ""PERF_202604_EMP102"", ""performance_salary"": 3000.0}}"
PI_PL_202604_EMP103_BASIC_SALARY,PAYROLL_202604,PL_202604_EMP103,ESNAP_202604_EMP103,EMP103,PER103,EREL_202604_EMP103,BASIC_SALARY,基本薪资,earning,7000.0,CNY,1,1,COMP_NDSC,SalarySplitRule,,payroll_salary_split_formula,"{""basic_salary"": {""basic_salary"": 7000.0, ""basic_salary_rate"": 0.7, ""monthly_salary_total"": 10000.0, ""performance_base_rate"": 0.3, ""performance_salary_base"": 3000.0, ""position"": ""员工"", ""split_rule_id"": ""SPLIT_06""}}"
PI_PL_202604_EMP103_PERFORMANCE_SALARY,PAYROLL_202604,PL_202604_EMP103,ESNAP_202604_EMP103,EMP103,PER103,EREL_202604_EMP103,PERFORMANCE_SALARY,绩效薪资,earning,3000.0,CNY,1,1,COMP_NDSC,PerformanceGradeRule,,payroll_performance_salary_formula,"{""performance_salary"": {""coefficient"": 1.0, ""grade_rule_id"": ""PERF_RULE_03"", ""performance_grade"": ""C"", ""performance_record_id"": ""PERF_202604_EMP103"", ""performance_salary"": 3000.0}}"
PI_PL_202604_EMP104_BASIC_SALARY,PAYROLL_202604,PL_202604_EMP104,ESNAP_202604_EMP104,EMP104,PER104,EREL_202604_EMP104,BASIC_SALARY,基本薪资,earning,7000.0,CNY,1,1,COMP_NDSC,SalarySplitRule,,payroll_salary_split_formula,"{""basic_salary"": {""basic_salary"": 7000.0, ""basic_salary_rate"": 0.7, ""monthly_salary_total"": 10000.0, ""performance_base_rate"": 0.3, ""performance_salary_base"": 3000.0, ""position"": ""员工"", ""split_rule_id"": ""SPLIT_06""}}"
PI_PL_202604_EMP104_PERFORMANCE_SALARY,PAYROLL_202604,PL_202604_EMP104,ESNAP_202604_EMP104,EMP104,PER104,EREL_202604_EMP104,PERFORMANCE_SALARY,绩效薪资,earning,3000.0,CNY,1,1,COMP_NDSC,PerformanceGradeRule,,payroll_performance_salary_formula,"{""performance_salary"": {""coefficient"": 1.0, ""grade_rule_id"": ""PERF_RULE_03"", ""performance_grade"": ""C"", ""performance_record_id"": ""PERF_202604_EMP104"", ""performance_salary"": 3000.0}}"
PI_PL_202604_EMP105_BASIC_SALARY,PAYROLL_202604,PL_202604_EMP105,ESNAP_202604_EMP105,EMP105,PER105,EREL_202604_EMP105,BASIC_SALARY,基本薪资,earning,7000.0,CNY,1,1,COMP_SCNY,SalarySplitRule,,payroll_salary_split_formula,"{""basic_salary"": {""basic_salary"": 7000.0, ""basic_salary_rate"": 0.7, ""monthly_salary_total"": 10000.0, ""performance_base_rate"": 0.3, ""performance_salary_base"": 3000.0, ""position"": ""员工"", ""split_rule_id"": ""SPLIT_06""}}"
PI_PL_202604_EMP105_PERFORMANCE_SALARY,PAYROLL_202604,PL_202604_EMP105,ESNAP_202604_EMP105,EMP105,PER105,EREL_202604_EMP105,PERFORMANCE_SALARY,绩效薪资,earning,3000.0,CNY,1,1,COMP_SCNY,PerformanceGradeRule,,payroll_performance_salary_formula,"{""performance_salary"": {""coefficient"": 1.0, ""grade_rule_id"": ""PERF_RULE_03"", ""performance_grade"": ""C"", ""performance_record_id"": ""PERF_202604_EMP105"", ""performance_salary"": 3000.0}}"
PI_PL_202604_EMP106_BASIC_SALARY,PAYROLL_202604,PL_202604_EMP106,ESNAP_202604_EMP106,EMP106,PER106,EREL_202604_EMP106,BASIC_SALARY,基本薪资,earning,7000.0,CNY,1,1,COMP_NDSC,SalarySplitRule,,payroll_salary_split_formula,"{""basic_salary"": {""basic_salary"": 7000.0, ""basic_salary_rate"": 0.7, ""monthly_salary_total"": 10000.0, ""performance_base_rate"": 0.3, ""performance_salary_base"": 3000.0, ""position"": ""员工"", ""split_rule_id"": ""SPLIT_06""}}"
PI_PL_202604_EMP106_PERFORMANCE_SALARY,PAYROLL_202604,PL_202604_EMP106,ESNAP_202604_EMP106,EMP106,PER106,EREL_202604_EMP106,PERFORMANCE_SALARY,绩效薪资,earning,2400.0,CNY,1,1,COMP_NDSC,PerformanceGradeRule,,payroll_performance_salary_formula,"{""performance_salary"": {""coefficient"": 0.8, ""grade_rule_id"": ""PERF_RULE_04"", ""performance_grade"": ""D"", ""performance_record_id"": ""PERF_202604_EMP106"", ""performance_salary"": 2400.0}}"
PI_PL_202604_EMP107_BASIC_SALARY,PAYROLL_202604,PL_202604_EMP107,ESNAP_202604_EMP107,EMP107,PER107,EREL_202604_EMP107,BASIC_SALARY,基本薪资,earning,7000.0,CNY,1,1,COMP_NDSC,SalarySplitRule,,payroll_salary_split_formula,"{""basic_salary"": {""basic_salary"": 7000.0, ""basic_salary_rate"": 0.7, ""monthly_salary_total"": 10000.0, ""performance_base_rate"": 0.3, ""performance_salary_base"": 3000.0, ""position"": ""员工"", ""split_rule_id"": ""SPLIT_06""}}"
PI_PL_202604_EMP107_PERFORMANCE_SALARY,PAYROLL_202604,PL_202604_EMP107,ESNAP_202604_EMP107,EMP107,PER107,EREL_202604_EMP107,PERFORMANCE_SALARY,绩效薪资,earning,3000.0,CNY,1,1,COMP_NDSC,PerformanceGradeRule,,payroll_performance_salary_formula,"{""performance_salary"": {""coefficient"": 1.0, ""grade_rule_id"": ""PERF_RULE_03"", ""performance_grade"": ""C"", ""performance_record_id"": ""PERF_202604_EMP107"", ""performance_salary"": 3000.0}}"
PI_PL_202604_EMP108_BASIC_SALARY,PAYROLL_202604,PL_202604_EMP108,ESNAP_202604_EMP108,EMP108,PER108,EREL_202604_EMP108,BASIC_SALARY,基本薪资,earning,7000.0,CNY,1,1,COMP_NDSC,SalarySplitRule,,payroll_salary_split_formula,"{""basic_salary"": {""basic_salary"": 7000.0, ""basic_salary_rate"": 0.7, ""monthly_salary_total"": 10000.0, ""performance_base_rate"": 0.3, ""performance_salary_base"": 3000.0, ""position"": ""员工"", ""split_rule_id"": ""SPLIT_06""}}"
PI_PL_202604_EMP108_PERFORMANCE_SALARY,PAYROLL_202604,PL_202604_EMP108,ESNAP_202604_EMP108,EMP108,PER108,EREL_202604_EMP108,PERFORMANCE_SALARY,绩效薪资,earning,3000.0,CNY,1,1,COMP_NDSC,PerformanceGradeRule,,payroll_performance_salary_formula,"{""performance_salary"": {""coefficient"": 1.0, ""grade_rule_id"": ""PERF_RULE_03"", ""performance_grade"": ""C"", ""performance_record_id"": ""PERF_202604_EMP108"", ""performance_salary"": 3000.0}}"
PI_PL_202604_EMP109_BASIC_SALARY,PAYROLL_202604,PL_202604_EMP109,ESNAP_202604_EMP109,EMP109,PER109,EREL_202604_EMP109,BASIC_SALARY,基本薪资,earning,7000.0,CNY,1,1,COMP_NDSC,SalarySplitRule,,payroll_salary_split_formula,"{""basic_salary"": {""basic_salary"": 7000.0, ""basic_salary_rate"": 0.7, ""monthly_salary_total"": 10000.0, ""performance_base_rate"": 0.3, ""performance_salary_base"": 3000.0, ""position"": ""员工"", ""split_rule_id"": ""SPLIT_06""}}"
PI_PL_202604_EMP109_PERFORMANCE_SALARY,PAYROLL_202604,PL_202604_EMP109,ESNAP_202604_EMP109,EMP109,PER109,EREL_202604_EMP109,PERFORMANCE_SALARY,绩效薪资,earning,3000.0,CNY,1,1,COMP_NDSC,PerformanceGradeRule,,payroll_performance_salary_formula,"{""performance_salary"": {""coefficient"": 1.0, ""grade_rule_id"": ""PERF_RULE_03"", ""performance_grade"": ""C"", ""performance_record_id"": ""PERF_202604_EMP109"", ""performance_salary"": 3000.0}}"
PI_PL_202604_EMP110_BASIC_SALARY,PAYROLL_202604,PL_202604_EMP110,ESNAP_202604_EMP110,EMP110,PER110,EREL_202604_EMP110,BASIC_SALARY,基本薪资,earning,7000.0,CNY,1,1,COMP_SCNY,SalarySplitRule,,payroll_salary_split_formula,"{""basic_salary"": {""basic_salary"": 7000.0, ""basic_salary_rate"": 0.7, ""monthly_salary_total"": 10000.0, ""performance_base_rate"": 0.3, ""performance_salary_base"": 3000.0, ""position"": ""员工"", ""split_rule_id"": ""SPLIT_06""}}"
PI_PL_202604_EMP110_PERFORMANCE_SALARY,PAYROLL_202604,PL_202604_EMP110,ESNAP_202604_EMP110,EMP110,PER110,EREL_202604_EMP110,PERFORMANCE_SALARY,绩效薪资,earning,3000.0,CNY,1,1,COMP_SCNY,PerformanceGradeRule,,payroll_performance_salary_formula,"{""performance_salary"": {""coefficient"": 1.0, ""grade_rule_id"": ""PERF_RULE_03"", ""performance_grade"": ""C"", ""performance_record_id"": ""PERF_202604_EMP110"", ""performance_salary"": 3000.0}}"
PI_PL_202604_EMP111_BASIC_SALARY,PAYROLL_202604,PL_202604_EMP111,ESNAP_202604_EMP111,EMP111,PER111,EREL_202604_EMP111,BASIC_SALARY,基本薪资,earning,7000.0,CNY,1,1,COMP_NDSC,SalarySplitRule,,payroll_salary_split_formula,"{""basic_salary"": {""basic_salary"": 7000.0, ""basic_salary_rate"": 0.7, ""monthly_salary_total"": 10000.0, ""performance_base_rate"": 0.3, ""performance_salary_base"": 3000.0, ""position"": ""员工"", ""split_rule_id"": ""SPLIT_06""}}"
PI_PL_202604_EMP111_PERFORMANCE_SALARY,PAYROLL_202604,PL_202604_EMP111,ESNAP_202604_EMP111,EMP111,PER111,EREL_202604_EMP111,PERFORMANCE_SALARY,绩效薪资,earning,3000.0,CNY,1,1,COMP_NDSC,PerformanceGradeRule,,payroll_performance_salary_formula,"{""performance_salary"": {""coefficient"": 1.0, ""grade_rule_id"": ""PERF_RULE_03"", ""performance_grade"": ""C"", ""performance_record_id"": ""PERF_202604_EMP111"", ""performance_salary"": 3000.0}}"
PI_PL_202604_EMP112_BASIC_SALARY,PAYROLL_202604,PL_202604_EMP112,ESNAP_202604_EMP112,EMP112,PER112,EREL_202604_EMP112,BASIC_SALARY,基本薪资,earning,7000.0,CNY,1,1,COMP_NDSC,SalarySplitRule,,payroll_salary_split_formula,"{""basic_salary"": {""basic_salary"": 7000.0, ""basic_salary_rate"": 0.7, ""monthly_salary_total"": 10000.0, ""performance_base_rate"": 0.3, ""performance_salary_base"": 3000.0, ""position"": ""员工"", ""split_rule_id"": ""SPLIT_06""}}"
PI_PL_202604_EMP112_PERFORMANCE_SALARY,PAYROLL_202604,PL_202604_EMP112,ESNAP_202604_EMP112,EMP112,PER112,EREL_202604_EMP112,PERFORMANCE_SALARY,绩效薪资,earning,3000.0,CNY,1,1,COMP_NDSC,PerformanceGradeRule,,payroll_performance_salary_formula,"{""performance_salary"": {""coefficient"": 1.0, ""grade_rule_id"": ""PERF_RULE_03"", ""performance_grade"": ""C"", ""performance_record_id"": ""PERF_202604_EMP112"", ""performance_salary"": 3000.0}}"
PI_PL_202604_EMP113_BASIC_SALARY,PAYROLL_202604,PL_202604_EMP113,ESNAP_202604_EMP113,EMP113,PER113,EREL_202604_EMP113,BASIC_SALARY,基本薪资,earning,7000.0,CNY,1,1,COMP_NDSC,SalarySplitRule,,payroll_salary_split_formula,"{""basic_salary"": {""basic_salary"": 7000.0, ""basic_salary_rate"": 0.7, ""monthly_salary_total"": 10000.0, ""performance_base_rate"": 0.3, ""performance_salary_base"": 3000.0, ""position"": ""员工"", ""split_rule_id"": ""SPLIT_06""}}"
PI_PL_202604_EMP113_PERFORMANCE_SALARY,PAYROLL_202604,PL_202604_EMP113,ESNAP_202604_EMP113,EMP113,PER113,EREL_202604_EMP113,PERFORMANCE_SALARY,绩效薪资,earning,3000.0,CNY,1,1,COMP_NDSC,PerformanceGradeRule,,payroll_performance_salary_formula,"{""performance_salary"": {""coefficient"": 1.0, ""grade_rule_id"": ""PERF_RULE_03"", ""performance_grade"": ""C"", ""performance_record_id"": ""PERF_202604_EMP113"", ""performance_salary"": 3000.0}}"
PI_PL_202604_EMP114_BASIC_SALARY,PAYROLL_202604,PL_202604_EMP114,ESNAP_202604_EMP114,EMP114,PER114,EREL_202604_EMP114,BASIC_SALARY,基本薪资,earning,7000.0,CNY,1,1,COMP_NDSC,SalarySplitRule,,payroll_salary_split_formula,"{""basic_salary"": {""basic_salary"": 7000.0, ""basic_salary_rate"": 0.7, ""monthly_salary_total"": 10000.0, ""performance_base_rate"": 0.3, ""performance_salary_base"": 3000.0, ""position"": ""员工"", ""split_rule_id"": ""SPLIT_06""}}"
PI_PL_202604_EMP114_PERFORMANCE_SALARY,PAYROLL_202604,PL_202604_EMP114,ESNAP_202604_EMP114,EMP114,PER114,EREL_202604_EMP114,PERFORMANCE_SALARY,绩效薪资,earning,2400.0,CNY,1,1,COMP_NDSC,PerformanceGradeRule,,payroll_performance_salary_formula,"{""performance_salary"": {""coefficient"": 0.8, ""grade_rule_id"": ""PERF_RULE_04"", ""performance_grade"": ""D"", ""performance_record_id"": ""PERF_202604_EMP114"", ""performance_salary"": 2400.0}}"
PI_PL_202604_EMP115_BASIC_SALARY,PAYROLL_202604,PL_202604_EMP115,ESNAP_202604_EMP115,EMP115,PER115,EREL_202604_EMP115,BASIC_SALARY,基本薪资,earning,7000.0,CNY,1,1,COMP_NDSC,SalarySplitRule,,payroll_salary_split_formula,"{""basic_salary"": {""basic_salary"": 7000.0, ""basic_salary_rate"": 0.7, ""monthly_salary_total"": 10000.0, ""performance_base_rate"": 0.3, ""performance_salary_base"": 3000.0, ""position"": ""员工"", ""split_rule_id"": ""SPLIT_06""}}"
PI_PL_202604_EMP115_PERFORMANCE_SALARY,PAYROLL_202604,PL_202604_EMP115,ESNAP_202604_EMP115,EMP115,PER115,EREL_202604_EMP115,PERFORMANCE_SALARY,绩效薪资,earning,3000.0,CNY,1,1,COMP_NDSC,PerformanceGradeRule,,payroll_performance_salary_formula,"{""performance_salary"": {""coefficient"": 1.0, ""grade_rule_id"": ""PERF_RULE_03"", ""performance_grade"": ""C"", ""performance_record_id"": ""PERF_202604_EMP115"", ""performance_salary"": 3000.0}}"
PI_PL_202604_EMP116_BASIC_SALARY,PAYROLL_202604,PL_202604_EMP116,ESNAP_202604_EMP116,EMP116,PER116,EREL_202604_EMP116,BASIC_SALARY,基本薪资,earning,7000.0,CNY,1,1,COMP_NDSC,SalarySplitRule,,payroll_salary_split_formula,"{""basic_salary"": {""basic_salary"": 7000.0, ""basic_salary_rate"": 0.7, ""monthly_salary_total"": 10000.0, ""performance_base_rate"": 0.3, ""performance_salary_base"": 3000.0, ""position"": ""员工"", ""split_rule_id"": ""SPLIT_06""}}"
PI_PL_202604_EMP116_PERFORMANCE_SALARY,PAYROLL_202604,PL_202604_EMP116,ESNAP_202604_EMP116,EMP116,PER116,EREL_202604_EMP116,PERFORMANCE_SALARY,绩效薪资,earning,3000.0,CNY,1,1,COMP_NDSC,PerformanceGradeRule,,payroll_performance_salary_formula,"{""performance_salary"": {""coefficient"": 1.0, ""grade_rule_id"": ""PERF_RULE_03"", ""performance_grade"": ""C"", ""performance_record_id"": ""PERF_202604_EMP116"", ""performance_salary"": 3000.0}}"
PI_PL_202604_EMP117_BASIC_SALARY,PAYROLL_202604,PL_202604_EMP117,ESNAP_202604_EMP117,EMP117,PER117,EREL_202604_EMP117,BASIC_SALARY,基本薪资,earning,7000.0,CNY,1,1,COMP_NDSC,SalarySplitRule,,payroll_salary_split_formula,"{""basic_salary"": {""basic_salary"": 7000.0, ""basic_salary_rate"": 0.7, ""monthly_salary_total"": 10000.0, ""performance_base_rate"": 0.3, ""performance_salary_base"": 3000.0, ""position"": ""员工"", ""split_rule_id"": ""SPLIT_06""}}"
PI_PL_202604_EMP117_PERFORMANCE_SALARY,PAYROLL_202604,PL_202604_EMP117,ESNAP_202604_EMP117,EMP117,PER117,EREL_202604_EMP117,PERFORMANCE_SALARY,绩效薪资,earning,3000.0,CNY,1,1,COMP_NDSC,PerformanceGradeRule,,payroll_performance_salary_formula,"{""performance_salary"": {""coefficient"": 1.0, ""grade_rule_id"": ""PERF_RULE_03"", ""performance_grade"": ""C"", ""performance_record_id"": ""PERF_202604_EMP117"", ""performance_salary"": 3000.0}}"
PI_PL_202604_EMP118_BASIC_SALARY,PAYROLL_202604,PL_202604_EMP118,ESNAP_202604_EMP118,EMP118,PER118,EREL_202604_EMP118,BASIC_SALARY,基本薪资,earning,7000.0,CNY,1,1,COMP_NDSC,SalarySplitRule,,payroll_salary_split_formula,"{""basic_salary"": {""basic_salary"": 7000.0, ""basic_salary_rate"": 0.7, ""monthly_salary_total"": 10000.0, ""performance_base_rate"": 0.3, ""performance_salary_base"": 3000.0, ""position"": ""员工"", ""split_rule_id"": ""SPLIT_06""}}"
PI_PL_202604_EMP118_PERFORMANCE_SALARY,PAYROLL_202604,PL_202604_EMP118,ESNAP_202604_EMP118,EMP118,PER118,EREL_202604_EMP118,PERFORMANCE_SALARY,绩效薪资,earning,3000.0,CNY,1,1,COMP_NDSC,PerformanceGradeRule,,payroll_performance_salary_formula,"{""performance_salary"": {""coefficient"": 1.0, ""grade_rule_id"": ""PERF_RULE_03"", ""performance_grade"": ""C"", ""performance_record_id"": ""PERF_202604_EMP118"", ""performance_salary"": 3000.0}}"
PI_PL_202604_EMP119_BASIC_SALARY,PAYROLL_202604,PL_202604_EMP119,ESNAP_202604_EMP119,EMP119,PER119,EREL_202604_EMP119,BASIC_SALARY,基本薪资,earning,7000.0,CNY,1,1,COMP_NDSC,SalarySplitRule,,payroll_salary_split_formula,"{""basic_salary"": {""basic_salary"": 7000.0, ""basic_salary_rate"": 0.7, ""monthly_salary_total"": 10000.0, ""performance_base_rate"": 0.3, ""performance_salary_base"": 3000.0, ""position"": ""员工"", ""split_rule_id"": ""SPLIT_06""}}"
PI_PL_202604_EMP119_PERFORMANCE_SALARY,PAYROLL_202604,PL_202604_EMP119,ESNAP_202604_EMP119,EMP119,PER119,EREL_202604_EMP119,PERFORMANCE_SALARY,绩效薪资,earning,2400.0,CNY,1,1,COMP_NDSC,PerformanceGradeRule,,payroll_performance_salary_formula,"{""performance_salary"": {""coefficient"": 0.8, ""grade_rule_id"": ""PERF_RULE_04"", ""performance_grade"": ""D"", ""performance_record_id"": ""PERF_202604_EMP119"", ""performance_salary"": 2400.0}}"
PI_PL_202604_EMP120_BASIC_SALARY,PAYROLL_202604,PL_202604_EMP120,ESNAP_202604_EMP120,EMP120,PER120,EREL_202604_EMP120,BASIC_SALARY,基本薪资,earning,7000.0,CNY,1,1,COMP_NDSC,SalarySplitRule,,payroll_salary_split_formula,"{""basic_salary"": {""basic_salary"": 7000.0, ""basic_salary_rate"": 0.7, ""monthly_salary_total"": 10000.0, ""performance_base_rate"": 0.3, ""performance_salary_base"": 3000.0, ""position"": ""员工"", ""split_rule_id"": ""SPLIT_06""}}"
PI_PL_202604_EMP120_PERFORMANCE_SALARY,PAYROLL_202604,PL_202604_EMP120,ESNAP_202604_EMP120,EMP120,PER120,EREL_202604_EMP120,PERFORMANCE_SALARY,绩效薪资,earning,3000.0,CNY,1,1,COMP_NDSC,PerformanceGradeRule,,payroll_performance_salary_formula,"{""performance_salary"": {""coefficient"": 1.0, ""grade_rule_id"": ""PERF_RULE_03"", ""performance_grade"": ""C"", ""performance_record_id"": ""PERF_202604_EMP120"", ""performance_salary"": 3000.0}}"
PI_PL_202604_EMP121_BASIC_SALARY,PAYROLL_202604,PL_202604_EMP121,ESNAP_202604_EMP121,EMP121,PER121,EREL_202604_EMP121,BASIC_SALARY,基本薪资,earning,7000.0,CNY,1,1,COMP_NDSC,SalarySplitRule,,payroll_salary_split_formula,"{""basic_salary"": {""basic_salary"": 7000.0, ""basic_salary_rate"": 0.7, ""monthly_salary_total"": 10000.0, ""performance_base_rate"": 0.3, ""performance_salary_base"": 3000.0, ""position"": ""员工"", ""split_rule_id"": ""SPLIT_06""}}"
PI_PL_202604_EMP121_PERFORMANCE_SALARY,PAYROLL_202604,PL_202604_EMP121,ESNAP_202604_EMP121,EMP121,PER121,EREL_202604_EMP121,PERFORMANCE_SALARY,绩效薪资,earning,3000.0,CNY,1,1,COMP_NDSC,PerformanceGradeRule,,payroll_performance_salary_formula,"{""performance_salary"": {""coefficient"": 1.0, ""grade_rule_id"": ""PERF_RULE_03"", ""performance_grade"": ""C"", ""performance_record_id"": ""PERF_202604_EMP121"", ""performance_salary"": 3000.0}}"
PI_PL_202604_EMP122_BASIC_SALARY,PAYROLL_202604,PL_202604_EMP122,ESNAP_202604_EMP122,EMP122,PER122,EREL_202604_EMP122,BASIC_SALARY,基本薪资,earning,7000.0,CNY,1,1,COMP_NDSC,SalarySplitRule,,payroll_salary_split_formula,"{""basic_salary"": {""basic_salary"": 7000.0, ""basic_salary_rate"": 0.7, ""monthly_salary_total"": 10000.0, ""performance_base_rate"": 0.3, ""performance_salary_base"": 3000.0, ""position"": ""员工"", ""split_rule_id"": ""SPLIT_06""}}"
PI_PL_202604_EMP122_PERFORMANCE_SALARY,PAYROLL_202604,PL_202604_EMP122,ESNAP_202604_EMP122,EMP122,PER122,EREL_202604_EMP122,PERFORMANCE_SALARY,绩效薪资,earning,3600.0,CNY,1,1,COMP_NDSC,PerformanceGradeRule,,payroll_performance_salary_formula,"{""performance_salary"": {""coefficient"": 1.2, ""grade_rule_id"": ""PERF_RULE_02"", ""performance_grade"": ""B"", ""performance_record_id"": ""PERF_202604_EMP122"", ""performance_salary"": 3600.0}}"
PI_PL_202604_EMP123_BASIC_SALARY,PAYROLL_202604,PL_202604_EMP123,ESNAP_202604_EMP123,EMP123,PER123,EREL_202604_EMP123,BASIC_SALARY,基本薪资,earning,7000.0,CNY,1,1,COMP_SCNY,SalarySplitRule,,payroll_salary_split_formula,"{""basic_salary"": {""basic_salary"": 7000.0, ""basic_salary_rate"": 0.7, ""monthly_salary_total"": 10000.0, ""performance_base_rate"": 0.3, ""performance_salary_base"": 3000.0, ""position"": ""员工"", ""split_rule_id"": ""SPLIT_06""}}"
PI_PL_202604_EMP123_PERFORMANCE_SALARY,PAYROLL_202604,PL_202604_EMP123,ESNAP_202604_EMP123,EMP123,PER123,EREL_202604_EMP123,PERFORMANCE_SALARY,绩效薪资,earning,3000.0,CNY,1,1,COMP_SCNY,PerformanceGradeRule,,payroll_performance_salary_formula,"{""performance_salary"": {""coefficient"": 1.0, ""grade_rule_id"": ""PERF_RULE_03"", ""performance_grade"": ""C"", ""performance_record_id"": ""PERF_202604_EMP123"", ""performance_salary"": 3000.0}}"
PI_PL_202604_EMP124_BASIC_SALARY,PAYROLL_202604,PL_202604_EMP124,ESNAP_202604_EMP124,EMP124,PER124,EREL_202604_EMP124,BASIC_SALARY,基本薪资,earning,7000.0,CNY,1,1,COMP_NDSC,SalarySplitRule,,payroll_salary_split_formula,"{""basic_salary"": {""basic_salary"": 7000.0, ""basic_salary_rate"": 0.7, ""monthly_salary_total"": 10000.0, ""performance_base_rate"": 0.3, ""performance_salary_base"": 3000.0, ""position"": ""员工"", ""split_rule_id"": ""SPLIT_06""}}"
PI_PL_202604_EMP124_PERFORMANCE_SALARY,PAYROLL_202604,PL_202604_EMP124,ESNAP_202604_EMP124,EMP124,PER124,EREL_202604_EMP124,PERFORMANCE_SALARY,绩效薪资,earning,3000.0,CNY,1,1,COMP_NDSC,PerformanceGradeRule,,payroll_performance_salary_formula,"{""performance_salary"": {""coefficient"": 1.0, ""grade_rule_id"": ""PERF_RULE_03"", ""performance_grade"": ""C"", ""performance_record_id"": ""PERF_202604_EMP124"", ""performance_salary"": 3000.0}}"
PI_PL_202604_EMP125_BASIC_SALARY,PAYROLL_202604,PL_202604_EMP125,ESNAP_202604_EMP125,EMP125,PER125,EREL_202604_EMP125,BASIC_SALARY,基本薪资,earning,7000.0,CNY,1,1,COMP_NDSC,SalarySplitRule,,payroll_salary_split_formula,"{""basic_salary"": {""basic_salary"": 7000.0, ""basic_salary_rate"": 0.7, ""monthly_salary_total"": 10000.0, ""performance_base_rate"": 0.3, ""performance_salary_base"": 3000.0, ""position"": ""员工"", ""split_rule_id"": ""SPLIT_06""}}"
PI_PL_202604_EMP125_PERFORMANCE_SALARY,PAYROLL_202604,PL_202604_EMP125,ESNAP_202604_EMP125,EMP125,PER125,EREL_202604_EMP125,PERFORMANCE_SALARY,绩效薪资,earning,3000.0,CNY,1,1,COMP_NDSC,PerformanceGradeRule,,payroll_performance_salary_formula,"{""performance_salary"": {""coefficient"": 1.0, ""grade_rule_id"": ""PERF_RULE_03"", ""performance_grade"": ""C"", ""performance_record_id"": ""PERF_202604_EMP125"", ""performance_salary"": 3000.0}}"
PI_PL_202604_EMP126_BASIC_SALARY,PAYROLL_202604,PL_202604_EMP126,ESNAP_202604_EMP126,EMP126,PER126,EREL_202604_EMP126,BASIC_SALARY,基本薪资,earning,7000.0,CNY,1,1,COMP_SCNY,SalarySplitRule,,payroll_salary_split_formula,"{""basic_salary"": {""basic_salary"": 7000.0, ""basic_salary_rate"": 0.7, ""monthly_salary_total"": 10000.0, ""performance_base_rate"": 0.3, ""performance_salary_base"": 3000.0, ""position"": ""员工"", ""split_rule_id"": ""SPLIT_06""}}"
PI_PL_202604_EMP126_PERFORMANCE_SALARY,PAYROLL_202604,PL_202604_EMP126,ESNAP_202604_EMP126,EMP126,PER126,EREL_202604_EMP126,PERFORMANCE_SALARY,绩效薪资,earning,3000.0,CNY,1,1,COMP_SCNY,PerformanceGradeRule,,payroll_performance_salary_formula,"{""performance_salary"": {""coefficient"": 1.0, ""grade_rule_id"": ""PERF_RULE_03"", ""performance_grade"": ""C"", ""performance_record_id"": ""PERF_202604_EMP126"", ""performance_salary"": 3000.0}}"
PI_PL_202604_EMP127_BASIC_SALARY,PAYROLL_202604,PL_202604_EMP127,ESNAP_202604_EMP127,EMP127,PER127,EREL_202604_EMP127,BASIC_SALARY,基本薪资,earning,7000.0,CNY,1,1,COMP_NDSC,SalarySplitRule,,payroll_salary_split_formula,"{""basic_salary"": {""basic_salary"": 7000.0, ""basic_salary_rate"": 0.7, ""monthly_salary_total"": 10000.0, ""performance_base_rate"": 0.3, ""performance_salary_base"": 3000.0, ""position"": ""员工"", ""split_rule_id"": ""SPLIT_06""}}"
PI_PL_202604_EMP127_PERFORMANCE_SALARY,PAYROLL_202604,PL_202604_EMP127,ESNAP_202604_EMP127,EMP127,PER127,EREL_202604_EMP127,PERFORMANCE_SALARY,绩效薪资,earning,3000.0,CNY,1,1,COMP_NDSC,PerformanceGradeRule,,payroll_performance_salary_formula,"{""performance_salary"": {""coefficient"": 1.0, ""grade_rule_id"": ""PERF_RULE_03"", ""performance_grade"": ""C"", ""performance_record_id"": ""PERF_202604_EMP127"", ""performance_salary"": 3000.0}}"
PI_PL_202604_EMP128_BASIC_SALARY,PAYROLL_202604,PL_202604_EMP128,ESNAP_202604_EMP128,EMP128,PER128,EREL_202604_EMP128,BASIC_SALARY,基本薪资,earning,7000.0,CNY,1,1,COMP_NDSC,SalarySplitRule,,payroll_salary_split_formula,"{""basic_salary"": {""basic_salary"": 7000.0, ""basic_salary_rate"": 0.7, ""monthly_salary_total"": 10000.0, ""performance_base_rate"": 0.3, ""performance_salary_base"": 3000.0, ""position"": ""员工"", ""split_rule_id"": ""SPLIT_06""}}"
PI_PL_202604_EMP128_PERFORMANCE_SALARY,PAYROLL_202604,PL_202604_EMP128,ESNAP_202604_EMP128,EMP128,PER128,EREL_202604_EMP128,PERFORMANCE_SALARY,绩效薪资,earning,3000.0,CNY,1,1,COMP_NDSC,PerformanceGradeRule,,payroll_performance_salary_formula,"{""performance_salary"": {""coefficient"": 1.0, ""grade_rule_id"": ""PERF_RULE_03"", ""performance_grade"": ""C"", ""performance_record_id"": ""PERF_202604_EMP128"", ""performance_salary"": 3000.0}}"
PI_PL_202604_EMP129_BASIC_SALARY,PAYROLL_202604,PL_202604_EMP129,ESNAP_202604_EMP129,EMP129,PER129,EREL_202604_EMP129,BASIC_SALARY,基本薪资,earning,7000.0,CNY,1,1,COMP_NDSC,SalarySplitRule,,payroll_salary_split_formula,"{""basic_salary"": {""basic_salary"": 7000.0, ""basic_salary_rate"": 0.7, ""monthly_salary_total"": 10000.0, ""performance_base_rate"": 0.3, ""performance_salary_base"": 3000.0, ""position"": ""员工"", ""split_rule_id"": ""SPLIT_06""}}"
PI_PL_202604_EMP129_PERFORMANCE_SALARY,PAYROLL_202604,PL_202604_EMP129,ESNAP_202604_EMP129,EMP129,PER129,EREL_202604_EMP129,PERFORMANCE_SALARY,绩效薪资,earning,3000.0,CNY,1,1,COMP_NDSC,PerformanceGradeRule,,payroll_performance_salary_formula,"{""performance_salary"": {""coefficient"": 1.0, ""grade_rule_id"": ""PERF_RULE_03"", ""performance_grade"": ""C"", ""performance_record_id"": ""PERF_202604_EMP129"", ""performance_salary"": 3000.0}}"
PI_PL_202604_EMP130_BASIC_SALARY,PAYROLL_202604,PL_202604_EMP130,ESNAP_202604_EMP130,EMP130,PER130,EREL_202604_EMP130,BASIC_SALARY,基本薪资,earning,7000.0,CNY,1,1,COMP_NDSC,SalarySplitRule,,payroll_salary_split_formula,"{""basic_salary"": {""basic_salary"": 7000.0, ""basic_salary_rate"": 0.7, ""monthly_salary_total"": 10000.0, ""performance_base_rate"": 0.3, ""performance_salary_base"": 3000.0, ""position"": ""员工"", ""split_rule_id"": ""SPLIT_06""}}"
PI_PL_202604_EMP130_PERFORMANCE_SALARY,PAYROLL_202604,PL_202604_EMP130,ESNAP_202604_EMP130,EMP130,PER130,EREL_202604_EMP130,PERFORMANCE_SALARY,绩效薪资,earning,3000.0,CNY,1,1,COMP_NDSC,PerformanceGradeRule,,payroll_performance_salary_formula,"{""performance_salary"": {""coefficient"": 1.0, ""grade_rule_id"": ""PERF_RULE_03"", ""performance_grade"": ""C"", ""performance_record_id"": ""PERF_202604_EMP130"", ""performance_salary"": 3000.0}}"
PI_PL_202604_EMP131_BASIC_SALARY,PAYROLL_202604,PL_202604_EMP131,ESNAP_202604_EMP131,EMP131,PER131,EREL_202604_EMP131,BASIC_SALARY,基本薪资,earning,7000.0,CNY,1,1,COMP_NDSC,SalarySplitRule,,payroll_salary_split_formula,"{""basic_salary"": {""basic_salary"": 7000.0, ""basic_salary_rate"": 0.7, ""monthly_salary_total"": 10000.0, ""performance_base_rate"": 0.3, ""performance_salary_base"": 3000.0, ""position"": ""员工"", ""split_rule_id"": ""SPLIT_06""}}"
PI_PL_202604_EMP131_PERFORMANCE_SALARY,PAYROLL_202604,PL_202604_EMP131,ESNAP_202604_EMP131,EMP131,PER131,EREL_202604_EMP131,PERFORMANCE_SALARY,绩效薪资,earning,3000.0,CNY,1,1,COMP_NDSC,PerformanceGradeRule,,payroll_performance_salary_formula,"{""performance_salary"": {""coefficient"": 1.0, ""grade_rule_id"": ""PERF_RULE_03"", ""performance_grade"": ""C"", ""performance_record_id"": ""PERF_202604_EMP131"", ""performance_salary"": 3000.0}}"
PI_PL_202604_EMP132_BASIC_SALARY,PAYROLL_202604,PL_202604_EMP132,ESNAP_202604_EMP132,EMP132,PER132,EREL_202604_EMP132,BASIC_SALARY,基本薪资,earning,7000.0,CNY,1,1,COMP_NDSC,SalarySplitRule,,payroll_salary_split_formula,"{""basic_salary"": {""basic_salary"": 7000.0, ""basic_salary_rate"": 0.7, ""monthly_salary_total"": 10000.0, ""performance_base_rate"": 0.3, ""performance_salary_base"": 3000.0, ""position"": ""员工"", ""split_rule_id"": ""SPLIT_06""}}"
PI_PL_202604_EMP132_PERFORMANCE_SALARY,PAYROLL_202604,PL_202604_EMP132,ESNAP_202604_EMP132,EMP132,PER132,EREL_202604_EMP132,PERFORMANCE_SALARY,绩效薪资,earning,3000.0,CNY,1,1,COMP_NDSC,PerformanceGradeRule,,payroll_performance_salary_formula,"{""performance_salary"": {""coefficient"": 1.0, ""grade_rule_id"": ""PERF_RULE_03"", ""performance_grade"": ""C"", ""performance_record_id"": ""PERF_202604_EMP132"", ""performance_salary"": 3000.0}}"
PI_PL_202604_EMP133_BASIC_SALARY,PAYROLL_202604,PL_202604_EMP133,ESNAP_202604_EMP133,EMP133,PER133,EREL_202604_EMP133,BASIC_SALARY,基本薪资,earning,7000.0,CNY,1,1,COMP_NDSC,SalarySplitRule,,payroll_salary_split_formula,"{""basic_salary"": {""basic_salary"": 7000.0, ""basic_salary_rate"": 0.7, ""monthly_salary_total"": 10000.0, ""performance_base_rate"": 0.3, ""performance_salary_base"": 3000.0, ""position"": ""员工"", ""split_rule_id"": ""SPLIT_06""}}"
PI_PL_202604_EMP133_PERFORMANCE_SALARY,PAYROLL_202604,PL_202604_EMP133,ESNAP_202604_EMP133,EMP133,PER133,EREL_202604_EMP133,PERFORMANCE_SALARY,绩效薪资,earning,3000.0,CNY,1,1,COMP_NDSC,PerformanceGradeRule,,payroll_performance_salary_formula,"{""performance_salary"": {""coefficient"": 1.0, ""grade_rule_id"": ""PERF_RULE_03"", ""performance_grade"": ""C"", ""performance_record_id"": ""PERF_202604_EMP133"", ""performance_salary"": 3000.0}}"
PI_PL_202604_EMP133_OTHER_ADJUSTMENT,PAYROLL_202604,PL_202604_EMP133,ESNAP_202604_EMP133,EMP133,PER133,EREL_202604_EMP133,OTHER_ADJUSTMENT,其他补扣,deduction,804.6,CNY,1,1,,PayrollAdjustment,,payroll_gross_before_deduction_formula,"{""other_adjustment"": {""attendance_adjustment"": 0.0, ""basic_salary"": 7000.0, ""formula"": ""basic_salary + performance_salary + attendance_adjustment + other_adjustment"", ""other_adjustment"": -804.6, ""performance_salary"": 3000.0, ""result"": 9195.4}}"
PI_PL_202604_EMP134_BASIC_SALARY,PAYROLL_202604,PL_202604_EMP134,ESNAP_202604_EMP134,EMP134,PER134,EREL_202604_EMP134,BASIC_SALARY,基本薪资,earning,7000.0,CNY,1,1,COMP_NDSC,SalarySplitRule,,payroll_salary_split_formula,"{""basic_salary"": {""basic_salary"": 7000.0, ""basic_salary_rate"": 0.7, ""monthly_salary_total"": 10000.0, ""performance_base_rate"": 0.3, ""performance_salary_base"": 3000.0, ""position"": ""员工"", ""split_rule_id"": ""SPLIT_06""}}"
PI_PL_202604_EMP134_PERFORMANCE_SALARY,PAYROLL_202604,PL_202604_EMP134,ESNAP_202604_EMP134,EMP134,PER134,EREL_202604_EMP134,PERFORMANCE_SALARY,绩效薪资,earning,3000.0,CNY,1,1,COMP_NDSC,PerformanceGradeRule,,payroll_performance_salary_formula,"{""performance_salary"": {""coefficient"": 1.0, ""grade_rule_id"": ""PERF_RULE_03"", ""performance_grade"": ""C"", ""performance_record_id"": ""PERF_202604_EMP134"", ""performance_salary"": 3000.0}}"
PI_PL_202604_EMP135_BASIC_SALARY,PAYROLL_202604,PL_202604_EMP135,ESNAP_202604_EMP135,EMP135,PER135,EREL_202604_EMP135,BASIC_SALARY,基本薪资,earning,7000.0,CNY,1,1,COMP_NDSC,SalarySplitRule,,payroll_salary_split_formula,"{""basic_salary"": {""basic_salary"": 7000.0, ""basic_salary_rate"": 0.7, ""monthly_salary_total"": 10000.0, ""performance_base_rate"": 0.3, ""performance_salary_base"": 3000.0, ""position"": ""员工"", ""split_rule_id"": ""SPLIT_06""}}"
PI_PL_202604_EMP135_PERFORMANCE_SALARY,PAYROLL_202604,PL_202604_EMP135,ESNAP_202604_EMP135,EMP135,PER135,EREL_202604_EMP135,PERFORMANCE_SALARY,绩效薪资,earning,3000.0,CNY,1,1,COMP_NDSC,PerformanceGradeRule,,payroll_performance_salary_formula,"{""performance_salary"": {""coefficient"": 1.0, ""grade_rule_id"": ""PERF_RULE_03"", ""performance_grade"": ""C"", ""performance_record_id"": ""PERF_202604_EMP135"", ""performance_salary"": 3000.0}}"
PI_PL_202604_EMP136_BASIC_SALARY,PAYROLL_202604,PL_202604_EMP136,ESNAP_202604_EMP136,EMP136,PER136,EREL_202604_EMP136,BASIC_SALARY,基本薪资,earning,7000.0,CNY,1,1,COMP_NDSC,SalarySplitRule,,payroll_salary_split_formula,"{""basic_salary"": {""basic_salary"": 7000.0, ""basic_salary_rate"": 0.7, ""monthly_salary_total"": 10000.0, ""performance_base_rate"": 0.3, ""performance_salary_base"": 3000.0, ""position"": ""员工"", ""split_rule_id"": ""SPLIT_06""}}"
PI_PL_202604_EMP136_PERFORMANCE_SALARY,PAYROLL_202604,PL_202604_EMP136,ESNAP_202604_EMP136,EMP136,PER136,EREL_202604_EMP136,PERFORMANCE_SALARY,绩效薪资,earning,3000.0,CNY,1,1,COMP_NDSC,PerformanceGradeRule,,payroll_performance_salary_formula,"{""performance_salary"": {""coefficient"": 1.0, ""grade_rule_id"": ""PERF_RULE_03"", ""performance_grade"": ""C"", ""performance_record_id"": ""PERF_202604_EMP136"", ""performance_salary"": 3000.0}}"
PI_PL_202604_EMP137_BASIC_SALARY,PAYROLL_202604,PL_202604_EMP137,ESNAP_202604_EMP137,EMP137,PER137,EREL_202604_EMP137,BASIC_SALARY,基本薪资,earning,7000.0,CNY,1,1,COMP_NDSC,SalarySplitRule,,payroll_salary_split_formula,"{""basic_salary"": {""basic_salary"": 7000.0, ""basic_salary_rate"": 0.7, ""monthly_salary_total"": 10000.0, ""performance_base_rate"": 0.3, ""performance_salary_base"": 3000.0, ""position"": ""员工"", ""split_rule_id"": ""SPLIT_06""}}"
PI_PL_202604_EMP137_PERFORMANCE_SALARY,PAYROLL_202604,PL_202604_EMP137,ESNAP_202604_EMP137,EMP137,PER137,EREL_202604_EMP137,PERFORMANCE_SALARY,绩效薪资,earning,3000.0,CNY,1,1,COMP_NDSC,PerformanceGradeRule,,payroll_performance_salary_formula,"{""performance_salary"": {""coefficient"": 1.0, ""grade_rule_id"": ""PERF_RULE_03"", ""performance_grade"": ""C"", ""performance_record_id"": ""PERF_202604_EMP137"", ""performance_salary"": 3000.0}}"
PI_PL_202604_EMP138_BASIC_SALARY,PAYROLL_202604,PL_202604_EMP138,ESNAP_202604_EMP138,EMP138,PER138,EREL_202604_EMP138,BASIC_SALARY,基本薪资,earning,7000.0,CNY,1,1,COMP_NDSC,SalarySplitRule,,payroll_salary_split_formula,"{""basic_salary"": {""basic_salary"": 7000.0, ""basic_salary_rate"": 0.7, ""monthly_salary_total"": 10000.0, ""performance_base_rate"": 0.3, ""performance_salary_base"": 3000.0, ""position"": ""员工"", ""split_rule_id"": ""SPLIT_06""}}"
PI_PL_202604_EMP138_PERFORMANCE_SALARY,PAYROLL_202604,PL_202604_EMP138,ESNAP_202604_EMP138,EMP138,PER138,EREL_202604_EMP138,PERFORMANCE_SALARY,绩效薪资,earning,3000.0,CNY,1,1,COMP_NDSC,PerformanceGradeRule,,payroll_performance_salary_formula,"{""performance_salary"": {""coefficient"": 1.0, ""grade_rule_id"": ""PERF_RULE_03"", ""performance_grade"": ""C"", ""performance_record_id"": ""PERF_202604_EMP138"", ""performance_salary"": 3000.0}}"
PI_PL_202604_EMP139_BASIC_SALARY,PAYROLL_202604,PL_202604_EMP139,ESNAP_202604_EMP139,EMP139,PER139,EREL_202604_EMP139,BASIC_SALARY,基本薪资,earning,7000.0,CNY,1,1,COMP_NDSC,SalarySplitRule,,payroll_salary_split_formula,"{""basic_salary"": {""basic_salary"": 7000.0, ""basic_salary_rate"": 0.7, ""monthly_salary_total"": 10000.0, ""performance_base_rate"": 0.3, ""performance_salary_base"": 3000.0, ""position"": ""员工"", ""split_rule_id"": ""SPLIT_06""}}"
PI_PL_202604_EMP139_PERFORMANCE_SALARY,PAYROLL_202604,PL_202604_EMP139,ESNAP_202604_EMP139,EMP139,PER139,EREL_202604_EMP139,PERFORMANCE_SALARY,绩效薪资,earning,3000.0,CNY,1,1,COMP_NDSC,PerformanceGradeRule,,payroll_performance_salary_formula,"{""performance_salary"": {""coefficient"": 1.0, ""grade_rule_id"": ""PERF_RULE_03"", ""performance_grade"": ""C"", ""performance_record_id"": ""PERF_202604_EMP139"", ""performance_salary"": 3000.0}}"
PI_PL_202604_EMP140_BASIC_SALARY,PAYROLL_202604,PL_202604_EMP140,ESNAP_202604_EMP140,EMP140,PER140,EREL_202604_EMP140,BASIC_SALARY,基本薪资,earning,7000.0,CNY,1,1,COMP_NDSC,SalarySplitRule,,payroll_salary_split_formula,"{""basic_salary"": {""basic_salary"": 7000.0, ""basic_salary_rate"": 0.7, ""monthly_salary_total"": 10000.0, ""performance_base_rate"": 0.3, ""performance_salary_base"": 3000.0, ""position"": ""员工"", ""split_rule_id"": ""SPLIT_06""}}"
PI_PL_202604_EMP140_PERFORMANCE_SALARY,PAYROLL_202604,PL_202604_EMP140,ESNAP_202604_EMP140,EMP140,PER140,EREL_202604_EMP140,PERFORMANCE_SALARY,绩效薪资,earning,3000.0,CNY,1,1,COMP_NDSC,PerformanceGradeRule,,payroll_performance_salary_formula,"{""performance_salary"": {""coefficient"": 1.0, ""grade_rule_id"": ""PERF_RULE_03"", ""performance_grade"": ""C"", ""performance_record_id"": ""PERF_202604_EMP140"", ""performance_salary"": 3000.0}}"
PI_PL_202604_EMP141_BASIC_SALARY,PAYROLL_202604,PL_202604_EMP141,ESNAP_202604_EMP141,EMP141,PER141,EREL_202604_EMP141,BASIC_SALARY,基本薪资,earning,7000.0,CNY,1,1,COMP_NDSC,SalarySplitRule,,payroll_salary_split_formula,"{""basic_salary"": {""basic_salary"": 7000.0, ""basic_salary_rate"": 0.7, ""monthly_salary_total"": 10000.0, ""performance_base_rate"": 0.3, ""performance_salary_base"": 3000.0, ""position"": ""员工"", ""split_rule_id"": ""SPLIT_06""}}"
PI_PL_202604_EMP141_PERFORMANCE_SALARY,PAYROLL_202604,PL_202604_EMP141,ESNAP_202604_EMP141,EMP141,PER141,EREL_202604_EMP141,PERFORMANCE_SALARY,绩效薪资,earning,3000.0,CNY,1,1,COMP_NDSC,PerformanceGradeRule,,payroll_performance_salary_formula,"{""performance_salary"": {""coefficient"": 1.0, ""grade_rule_id"": ""PERF_RULE_03"", ""performance_grade"": ""C"", ""performance_record_id"": ""PERF_202604_EMP141"", ""performance_salary"": 3000.0}}"
PI_PL_202604_EMP142_BASIC_SALARY,PAYROLL_202604,PL_202604_EMP142,ESNAP_202604_EMP142,EMP142,PER142,EREL_202604_EMP142,BASIC_SALARY,基本薪资,earning,7000.0,CNY,1,1,COMP_NDSC,SalarySplitRule,,payroll_salary_split_formula,"{""basic_salary"": {""basic_salary"": 7000.0, ""basic_salary_rate"": 0.7, ""monthly_salary_total"": 10000.0, ""performance_base_rate"": 0.3, ""performance_salary_base"": 3000.0, ""position"": ""员工"", ""split_rule_id"": ""SPLIT_06""}}"
PI_PL_202604_EMP142_PERFORMANCE_SALARY,PAYROLL_202604,PL_202604_EMP142,ESNAP_202604_EMP142,EMP142,PER142,EREL_202604_EMP142,PERFORMANCE_SALARY,绩效薪资,earning,3000.0,CNY,1,1,COMP_NDSC,PerformanceGradeRule,,payroll_performance_salary_formula,"{""performance_salary"": {""coefficient"": 1.0, ""grade_rule_id"": ""PERF_RULE_03"", ""performance_grade"": ""C"", ""performance_record_id"": ""PERF_202604_EMP142"", ""performance_salary"": 3000.0}}"
PI_PL_202604_EMP143_BASIC_SALARY,PAYROLL_202604,PL_202604_EMP143,ESNAP_202604_EMP143,EMP143,PER143,EREL_202604_EMP143,BASIC_SALARY,基本薪资,earning,7000.0,CNY,1,1,COMP_NDSC,SalarySplitRule,,payroll_salary_split_formula,"{""basic_salary"": {""basic_salary"": 7000.0, ""basic_salary_rate"": 0.7, ""monthly_salary_total"": 10000.0, ""performance_base_rate"": 0.3, ""performance_salary_base"": 3000.0, ""position"": ""员工"", ""split_rule_id"": ""SPLIT_06""}}"
PI_PL_202604_EMP143_PERFORMANCE_SALARY,PAYROLL_202604,PL_202604_EMP143,ESNAP_202604_EMP143,EMP143,PER143,EREL_202604_EMP143,PERFORMANCE_SALARY,绩效薪资,earning,3000.0,CNY,1,1,COMP_NDSC,PerformanceGradeRule,,payroll_performance_salary_formula,"{""performance_salary"": {""coefficient"": 1.0, ""grade_rule_id"": ""PERF_RULE_03"", ""performance_grade"": ""C"", ""performance_record_id"": ""PERF_202604_EMP143"", ""performance_salary"": 3000.0}}"
PI_PL_202604_EMP144_BASIC_SALARY,PAYROLL_202604,PL_202604_EMP144,ESNAP_202604_EMP144,EMP144,PER144,EREL_202604_EMP144,BASIC_SALARY,基本薪资,earning,7000.0,CNY,1,1,COMP_NDSC,SalarySplitRule,,payroll_salary_split_formula,"{""basic_salary"": {""basic_salary"": 7000.0, ""basic_salary_rate"": 0.7, ""monthly_salary_total"": 10000.0, ""performance_base_rate"": 0.3, ""performance_salary_base"": 3000.0, ""position"": ""员工"", ""split_rule_id"": ""SPLIT_06""}}"
PI_PL_202604_EMP144_PERFORMANCE_SALARY,PAYROLL_202604,PL_202604_EMP144,ESNAP_202604_EMP144,EMP144,PER144,EREL_202604_EMP144,PERFORMANCE_SALARY,绩效薪资,earning,3000.0,CNY,1,1,COMP_NDSC,PerformanceGradeRule,,payroll_performance_salary_formula,"{""performance_salary"": {""coefficient"": 1.0, ""grade_rule_id"": ""PERF_RULE_03"", ""performance_grade"": ""C"", ""performance_record_id"": ""PERF_202604_EMP144"", ""performance_salary"": 3000.0}}"
PI_PL_202604_EMP145_BASIC_SALARY,PAYROLL_202604,PL_202604_EMP145,ESNAP_202604_EMP145,EMP145,PER145,EREL_202604_EMP145,BASIC_SALARY,基本薪资,earning,2252.87,CNY,1,1,COMP_NDSC,SalarySplitRule,,payroll_salary_split_formula,"{""basic_salary"": {""basic_salary"": 2252.87, ""basic_salary_rate"": 0.7, ""monthly_salary_total"": 3218.39, ""performance_base_rate"": 0.3, ""performance_salary_base"": 965.52, ""position"": ""员工"", ""split_rule_id"": ""SPLIT_06""}}"
PI_PL_202604_EMP145_PERFORMANCE_SALARY,PAYROLL_202604,PL_202604_EMP145,ESNAP_202604_EMP145,EMP145,PER145,EREL_202604_EMP145,PERFORMANCE_SALARY,绩效薪资,earning,965.52,CNY,1,1,COMP_NDSC,PerformanceGradeRule,,payroll_performance_salary_formula,"{""performance_salary"": {""coefficient"": 1.0, ""grade_rule_id"": ""PERF_RULE_03"", ""performance_grade"": ""C"", ""performance_record_id"": ""PERF_202604_EMP145"", ""performance_salary"": 965.52}}"
PI_PL_202604_EMP146_BASIC_SALARY,PAYROLL_202604,PL_202604_EMP146,ESNAP_202604_EMP146,EMP146,PER146,EREL_202604_EMP146,BASIC_SALARY,基本薪资,earning,7000.0,CNY,1,1,COMP_NDSC,SalarySplitRule,,payroll_salary_split_formula,"{""basic_salary"": {""basic_salary"": 7000.0, ""basic_salary_rate"": 0.7, ""monthly_salary_total"": 10000.0, ""performance_base_rate"": 0.3, ""performance_salary_base"": 3000.0, ""position"": ""员工"", ""split_rule_id"": ""SPLIT_06""}}"
PI_PL_202604_EMP146_PERFORMANCE_SALARY,PAYROLL_202604,PL_202604_EMP146,ESNAP_202604_EMP146,EMP146,PER146,EREL_202604_EMP146,PERFORMANCE_SALARY,绩效薪资,earning,3000.0,CNY,1,1,COMP_NDSC,PerformanceGradeRule,,payroll_performance_salary_formula,"{""performance_salary"": {""coefficient"": 1.0, ""grade_rule_id"": ""PERF_RULE_03"", ""performance_grade"": ""C"", ""performance_record_id"": ""PERF_202604_EMP146"", ""performance_salary"": 3000.0}}"
PI_PL_202604_EMP147_BASIC_SALARY,PAYROLL_202604,PL_202604_EMP147,ESNAP_202604_EMP147,EMP147,PER147,EREL_202604_EMP147,BASIC_SALARY,基本薪资,earning,7000.0,CNY,1,1,COMP_NDSC,SalarySplitRule,,payroll_salary_split_formula,"{""basic_salary"": {""basic_salary"": 7000.0, ""basic_salary_rate"": 0.7, ""monthly_salary_total"": 10000.0, ""performance_base_rate"": 0.3, ""performance_salary_base"": 3000.0, ""position"": ""员工"", ""split_rule_id"": ""SPLIT_06""}}"
PI_PL_202604_EMP147_PERFORMANCE_SALARY,PAYROLL_202604,PL_202604_EMP147,ESNAP_202604_EMP147,EMP147,PER147,EREL_202604_EMP147,PERFORMANCE_SALARY,绩效薪资,earning,3000.0,CNY,1,1,COMP_NDSC,PerformanceGradeRule,,payroll_performance_salary_formula,"{""performance_salary"": {""coefficient"": 1.0, ""grade_rule_id"": ""PERF_RULE_03"", ""performance_grade"": ""C"", ""performance_record_id"": ""PERF_202604_EMP147"", ""performance_salary"": 3000.0}}"
PI_PL_202604_EMP148_BASIC_SALARY,PAYROLL_202604,PL_202604_EMP148,ESNAP_202604_EMP148,EMP148,PER148,EREL_202604_EMP148,BASIC_SALARY,基本薪资,earning,2520.0,CNY,1,1,COMP_SCNY,SalarySplitRule,,payroll_salary_split_formula,"{""basic_salary"": {""basic_salary"": 2520.0, ""basic_salary_rate"": 1.0, ""monthly_salary_total"": 2520.0, ""performance_base_rate"": 0.0, ""performance_salary_base"": 0.0, ""position"": ""实习生"", ""split_rule_id"": ""SPLIT_03""}}"
PI_PL_202604_EMP149_BASIC_SALARY,PAYROLL_202604,PL_202604_EMP149,ESNAP_202604_EMP149,EMP149,PER149,EREL_202604_EMP149,BASIC_SALARY,基本薪资,earning,840.0,CNY,1,1,COMP_SCNY,SalarySplitRule,,payroll_salary_split_formula,"{""basic_salary"": {""basic_salary"": 840.0, ""basic_salary_rate"": 1.0, ""monthly_salary_total"": 840.0, ""performance_base_rate"": 0.0, ""performance_salary_base"": 0.0, ""position"": ""实习生"", ""split_rule_id"": ""SPLIT_03""}}"
PI_PL_202604_EMP150_BASIC_SALARY,PAYROLL_202604,PL_202604_EMP150,ESNAP_202604_EMP150,EMP150,PER150,EREL_202604_EMP150,BASIC_SALARY,基本薪资,earning,6673.33,CNY,1,1,COMP_NDSC,SalarySplitRule,,payroll_salary_split_formula,"{""basic_salary"": {""basic_salary"": 6673.33, ""basic_salary_rate"": 0.7, ""monthly_salary_total"": 9533.33, ""performance_base_rate"": 0.3, ""performance_salary_base"": 2860.0, ""position"": ""员工"", ""split_rule_id"": ""SPLIT_06""}}"
PI_PL_202604_EMP150_PERFORMANCE_SALARY,PAYROLL_202604,PL_202604_EMP150,ESNAP_202604_EMP150,EMP150,PER150,EREL_202604_EMP150,PERFORMANCE_SALARY,绩效薪资,earning,2860.0,CNY,1,1,COMP_NDSC,PerformanceGradeRule,,payroll_performance_salary_formula,"{""performance_salary"": {""coefficient"": 1.0, ""grade_rule_id"": ""PERF_RULE_03"", ""performance_grade"": ""C"", ""performance_record_id"": ""PERF_202604_EMP150"", ""performance_salary"": 2860.0}}"
PI_PL_202604_EMP151_BASIC_SALARY,PAYROLL_202604,PL_202604_EMP151,ESNAP_202604_EMP151,EMP151,PER151,EREL_202604_EMP151,BASIC_SALARY,基本薪资,earning,7000.0,CNY,1,1,COMP_NDSC,SalarySplitRule,,payroll_salary_split_formula,"{""basic_salary"": {""basic_salary"": 7000.0, ""basic_salary_rate"": 0.7, ""monthly_salary_total"": 10000.0, ""performance_base_rate"": 0.3, ""performance_salary_base"": 3000.0, ""position"": ""员工"", ""split_rule_id"": ""SPLIT_06""}}"
PI_PL_202604_EMP151_PERFORMANCE_SALARY,PAYROLL_202604,PL_202604_EMP151,ESNAP_202604_EMP151,EMP151,PER151,EREL_202604_EMP151,PERFORMANCE_SALARY,绩效薪资,earning,2400.0,CNY,1,1,COMP_NDSC,PerformanceGradeRule,,payroll_performance_salary_formula,"{""performance_salary"": {""coefficient"": 0.8, ""grade_rule_id"": ""PERF_RULE_04"", ""performance_grade"": ""D"", ""performance_record_id"": ""PERF_202604_EMP151"", ""performance_salary"": 2400.0}}"
PI_PL_202604_EMP152_BASIC_SALARY,PAYROLL_202604,PL_202604_EMP152,ESNAP_202604_EMP152,EMP152,PER152,EREL_202604_EMP152,BASIC_SALARY,基本薪资,earning,7000.0,CNY,1,1,COMP_NDSC,SalarySplitRule,,payroll_salary_split_formula,"{""basic_salary"": {""basic_salary"": 7000.0, ""basic_salary_rate"": 0.7, ""monthly_salary_total"": 10000.0, ""performance_base_rate"": 0.3, ""performance_salary_base"": 3000.0, ""position"": ""员工"", ""split_rule_id"": ""SPLIT_06""}}"
PI_PL_202604_EMP152_PERFORMANCE_SALARY,PAYROLL_202604,PL_202604_EMP152,ESNAP_202604_EMP152,EMP152,PER152,EREL_202604_EMP152,PERFORMANCE_SALARY,绩效薪资,earning,3000.0,CNY,1,1,COMP_NDSC,PerformanceGradeRule,,payroll_performance_salary_formula,"{""performance_salary"": {""coefficient"": 1.0, ""grade_rule_id"": ""PERF_RULE_03"", ""performance_grade"": ""C"", ""performance_record_id"": ""PERF_202604_EMP152"", ""performance_salary"": 3000.0}}"
PI_PL_202604_EMP153_BASIC_SALARY,PAYROLL_202604,PL_202604_EMP153,ESNAP_202604_EMP153,EMP153,PER153,EREL_202604_EMP153,BASIC_SALARY,基本薪资,earning,7000.0,CNY,1,1,COMP_NDSC,SalarySplitRule,,payroll_salary_split_formula,"{""basic_salary"": {""basic_salary"": 7000.0, ""basic_salary_rate"": 0.7, ""monthly_salary_total"": 10000.0, ""performance_base_rate"": 0.3, ""performance_salary_base"": 3000.0, ""position"": ""员工"", ""split_rule_id"": ""SPLIT_06""}}"
PI_PL_202604_EMP153_PERFORMANCE_SALARY,PAYROLL_202604,PL_202604_EMP153,ESNAP_202604_EMP153,EMP153,PER153,EREL_202604_EMP153,PERFORMANCE_SALARY,绩效薪资,earning,3000.0,CNY,1,1,COMP_NDSC,PerformanceGradeRule,,payroll_performance_salary_formula,"{""performance_salary"": {""coefficient"": 1.0, ""grade_rule_id"": ""PERF_RULE_03"", ""performance_grade"": ""C"", ""performance_record_id"": ""PERF_202604_EMP153"", ""performance_salary"": 3000.0}}"
PI_PL_202604_EMP154_BASIC_SALARY,PAYROLL_202604,PL_202604_EMP154,ESNAP_202604_EMP154,EMP154,PER154,EREL_202604_EMP154,BASIC_SALARY,基本薪资,earning,7000.0,CNY,1,1,COMP_NDSC,SalarySplitRule,,payroll_salary_split_formula,"{""basic_salary"": {""basic_salary"": 7000.0, ""basic_salary_rate"": 0.7, ""monthly_salary_total"": 10000.0, ""performance_base_rate"": 0.3, ""performance_salary_base"": 3000.0, ""position"": ""员工"", ""split_rule_id"": ""SPLIT_06""}}"
PI_PL_202604_EMP154_PERFORMANCE_SALARY,PAYROLL_202604,PL_202604_EMP154,ESNAP_202604_EMP154,EMP154,PER154,EREL_202604_EMP154,PERFORMANCE_SALARY,绩效薪资,earning,3000.0,CNY,1,1,COMP_NDSC,PerformanceGradeRule,,payroll_performance_salary_formula,"{""performance_salary"": {""coefficient"": 1.0, ""grade_rule_id"": ""PERF_RULE_03"", ""performance_grade"": ""C"", ""performance_record_id"": ""PERF_202604_EMP154"", ""performance_salary"": 3000.0}}"
PI_PL_202604_EMP155_BASIC_SALARY,PAYROLL_202604,PL_202604_EMP155,ESNAP_202604_EMP155,EMP155,PER155,EREL_202604_EMP155,BASIC_SALARY,基本薪资,earning,7000.0,CNY,1,1,COMP_NDSC,SalarySplitRule,,payroll_salary_split_formula,"{""basic_salary"": {""basic_salary"": 7000.0, ""basic_salary_rate"": 0.7, ""monthly_salary_total"": 10000.0, ""performance_base_rate"": 0.3, ""performance_salary_base"": 3000.0, ""position"": ""员工"", ""split_rule_id"": ""SPLIT_06""}}"
PI_PL_202604_EMP155_PERFORMANCE_SALARY,PAYROLL_202604,PL_202604_EMP155,ESNAP_202604_EMP155,EMP155,PER155,EREL_202604_EMP155,PERFORMANCE_SALARY,绩效薪资,earning,3000.0,CNY,1,1,COMP_NDSC,PerformanceGradeRule,,payroll_performance_salary_formula,"{""performance_salary"": {""coefficient"": 1.0, ""grade_rule_id"": ""PERF_RULE_03"", ""performance_grade"": ""C"", ""performance_record_id"": ""PERF_202604_EMP155"", ""performance_salary"": 3000.0}}"
PI_PL_202604_EMP156_BASIC_SALARY,PAYROLL_202604,PL_202604_EMP156,ESNAP_202604_EMP156,EMP156,PER156,EREL_202604_EMP156,BASIC_SALARY,基本薪资,earning,7000.0,CNY,1,1,COMP_NDSC,SalarySplitRule,,payroll_salary_split_formula,"{""basic_salary"": {""basic_salary"": 7000.0, ""basic_salary_rate"": 0.7, ""monthly_salary_total"": 10000.0, ""performance_base_rate"": 0.3, ""performance_salary_base"": 3000.0, ""position"": ""员工"", ""split_rule_id"": ""SPLIT_06""}}"
PI_PL_202604_EMP156_PERFORMANCE_SALARY,PAYROLL_202604,PL_202604_EMP156,ESNAP_202604_EMP156,EMP156,PER156,EREL_202604_EMP156,PERFORMANCE_SALARY,绩效薪资,earning,3000.0,CNY,1,1,COMP_NDSC,PerformanceGradeRule,,payroll_performance_salary_formula,"{""performance_salary"": {""coefficient"": 1.0, ""grade_rule_id"": ""PERF_RULE_03"", ""performance_grade"": ""C"", ""performance_record_id"": ""PERF_202604_EMP156"", ""performance_salary"": 3000.0}}"
PI_PL_202604_EMP157_BASIC_SALARY,PAYROLL_202604,PL_202604_EMP157,ESNAP_202604_EMP157,EMP157,PER157,EREL_202604_EMP157,BASIC_SALARY,基本薪资,earning,7000.0,CNY,1,1,COMP_NDSC,SalarySplitRule,,payroll_salary_split_formula,"{""basic_salary"": {""basic_salary"": 7000.0, ""basic_salary_rate"": 0.7, ""monthly_salary_total"": 10000.0, ""performance_base_rate"": 0.3, ""performance_salary_base"": 3000.0, ""position"": ""员工"", ""split_rule_id"": ""SPLIT_06""}}"
PI_PL_202604_EMP157_PERFORMANCE_SALARY,PAYROLL_202604,PL_202604_EMP157,ESNAP_202604_EMP157,EMP157,PER157,EREL_202604_EMP157,PERFORMANCE_SALARY,绩效薪资,earning,3000.0,CNY,1,1,COMP_NDSC,PerformanceGradeRule,,payroll_performance_salary_formula,"{""performance_salary"": {""coefficient"": 1.0, ""grade_rule_id"": ""PERF_RULE_03"", ""performance_grade"": ""C"", ""performance_record_id"": ""PERF_202604_EMP157"", ""performance_salary"": 3000.0}}"
PI_PL_202604_EMP158_BASIC_SALARY,PAYROLL_202604,PL_202604_EMP158,ESNAP_202604_EMP158,EMP158,PER158,EREL_202604_EMP158,BASIC_SALARY,基本薪资,earning,7000.0,CNY,1,1,COMP_NDSC,SalarySplitRule,,payroll_salary_split_formula,"{""basic_salary"": {""basic_salary"": 7000.0, ""basic_salary_rate"": 0.7, ""monthly_salary_total"": 10000.0, ""performance_base_rate"": 0.3, ""performance_salary_base"": 3000.0, ""position"": ""员工"", ""split_rule_id"": ""SPLIT_06""}}"
PI_PL_202604_EMP158_PERFORMANCE_SALARY,PAYROLL_202604,PL_202604_EMP158,ESNAP_202604_EMP158,EMP158,PER158,EREL_202604_EMP158,PERFORMANCE_SALARY,绩效薪资,earning,3000.0,CNY,1,1,COMP_NDSC,PerformanceGradeRule,,payroll_performance_salary_formula,"{""performance_salary"": {""coefficient"": 1.0, ""grade_rule_id"": ""PERF_RULE_03"", ""performance_grade"": ""C"", ""performance_record_id"": ""PERF_202604_EMP158"", ""performance_salary"": 3000.0}}"
PI_PL_202604_EMP159_BASIC_SALARY,PAYROLL_202604,PL_202604_EMP159,ESNAP_202604_EMP159,EMP159,PER159,EREL_202604_EMP159,BASIC_SALARY,基本薪资,earning,7000.0,CNY,1,1,COMP_NDSC,SalarySplitRule,,payroll_salary_split_formula,"{""basic_salary"": {""basic_salary"": 7000.0, ""basic_salary_rate"": 0.7, ""monthly_salary_total"": 10000.0, ""performance_base_rate"": 0.3, ""performance_salary_base"": 3000.0, ""position"": ""员工"", ""split_rule_id"": ""SPLIT_06""}}"
PI_PL_202604_EMP159_PERFORMANCE_SALARY,PAYROLL_202604,PL_202604_EMP159,ESNAP_202604_EMP159,EMP159,PER159,EREL_202604_EMP159,PERFORMANCE_SALARY,绩效薪资,earning,3000.0,CNY,1,1,COMP_NDSC,PerformanceGradeRule,,payroll_performance_salary_formula,"{""performance_salary"": {""coefficient"": 1.0, ""grade_rule_id"": ""PERF_RULE_03"", ""performance_grade"": ""C"", ""performance_record_id"": ""PERF_202604_EMP159"", ""performance_salary"": 3000.0}}"
PI_PL_202604_EMP160_BASIC_SALARY,PAYROLL_202604,PL_202604_EMP160,ESNAP_202604_EMP160,EMP160,PER160,EREL_202604_EMP160,BASIC_SALARY,基本薪资,earning,7000.0,CNY,1,1,COMP_NDSC,SalarySplitRule,,payroll_salary_split_formula,"{""basic_salary"": {""basic_salary"": 7000.0, ""basic_salary_rate"": 0.7, ""monthly_salary_total"": 10000.0, ""performance_base_rate"": 0.3, ""performance_salary_base"": 3000.0, ""position"": ""员工"", ""split_rule_id"": ""SPLIT_06""}}"
PI_PL_202604_EMP160_PERFORMANCE_SALARY,PAYROLL_202604,PL_202604_EMP160,ESNAP_202604_EMP160,EMP160,PER160,EREL_202604_EMP160,PERFORMANCE_SALARY,绩效薪资,earning,3000.0,CNY,1,1,COMP_NDSC,PerformanceGradeRule,,payroll_performance_salary_formula,"{""performance_salary"": {""coefficient"": 1.0, ""grade_rule_id"": ""PERF_RULE_03"", ""performance_grade"": ""C"", ""performance_record_id"": ""PERF_202604_EMP160"", ""performance_salary"": 3000.0}}"
PI_PL_202604_EMP161_BASIC_SALARY,PAYROLL_202604,PL_202604_EMP161,ESNAP_202604_EMP161,EMP161,PER161,EREL_202604_EMP161,BASIC_SALARY,基本薪资,earning,7000.0,CNY,1,1,COMP_NDSC,SalarySplitRule,,payroll_salary_split_formula,"{""basic_salary"": {""basic_salary"": 7000.0, ""basic_salary_rate"": 0.7, ""monthly_salary_total"": 10000.0, ""performance_base_rate"": 0.3, ""performance_salary_base"": 3000.0, ""position"": ""员工"", ""split_rule_id"": ""SPLIT_06""}}"
PI_PL_202604_EMP161_PERFORMANCE_SALARY,PAYROLL_202604,PL_202604_EMP161,ESNAP_202604_EMP161,EMP161,PER161,EREL_202604_EMP161,PERFORMANCE_SALARY,绩效薪资,earning,3000.0,CNY,1,1,COMP_NDSC,PerformanceGradeRule,,payroll_performance_salary_formula,"{""performance_salary"": {""coefficient"": 1.0, ""grade_rule_id"": ""PERF_RULE_03"", ""performance_grade"": ""C"", ""performance_record_id"": ""PERF_202604_EMP161"", ""performance_salary"": 3000.0}}"
PI_PL_202604_EMP162_BASIC_SALARY,PAYROLL_202604,PL_202604_EMP162,ESNAP_202604_EMP162,EMP162,PER162,EREL_202604_EMP162,BASIC_SALARY,基本薪资,earning,7000.0,CNY,1,1,COMP_NDSC,SalarySplitRule,,payroll_salary_split_formula,"{""basic_salary"": {""basic_salary"": 7000.0, ""basic_salary_rate"": 0.7, ""monthly_salary_total"": 10000.0, ""performance_base_rate"": 0.3, ""performance_salary_base"": 3000.0, ""position"": ""员工"", ""split_rule_id"": ""SPLIT_06""}}"
PI_PL_202604_EMP162_PERFORMANCE_SALARY,PAYROLL_202604,PL_202604_EMP162,ESNAP_202604_EMP162,EMP162,PER162,EREL_202604_EMP162,PERFORMANCE_SALARY,绩效薪资,earning,3000.0,CNY,1,1,COMP_NDSC,PerformanceGradeRule,,payroll_performance_salary_formula,"{""performance_salary"": {""coefficient"": 1.0, ""grade_rule_id"": ""PERF_RULE_03"", ""performance_grade"": ""C"", ""performance_record_id"": ""PERF_202604_EMP162"", ""performance_salary"": 3000.0}}"
PI_PL_202604_EMP163_BASIC_SALARY,PAYROLL_202604,PL_202604_EMP163,ESNAP_202604_EMP163,EMP163,PER163,EREL_202604_EMP163,BASIC_SALARY,基本薪资,earning,7000.0,CNY,1,1,COMP_NDSC,SalarySplitRule,,payroll_salary_split_formula,"{""basic_salary"": {""basic_salary"": 7000.0, ""basic_salary_rate"": 0.7, ""monthly_salary_total"": 10000.0, ""performance_base_rate"": 0.3, ""performance_salary_base"": 3000.0, ""position"": ""员工"", ""split_rule_id"": ""SPLIT_06""}}"
PI_PL_202604_EMP163_PERFORMANCE_SALARY,PAYROLL_202604,PL_202604_EMP163,ESNAP_202604_EMP163,EMP163,PER163,EREL_202604_EMP163,PERFORMANCE_SALARY,绩效薪资,earning,3000.0,CNY,1,1,COMP_NDSC,PerformanceGradeRule,,payroll_performance_salary_formula,"{""performance_salary"": {""coefficient"": 1.0, ""grade_rule_id"": ""PERF_RULE_03"", ""performance_grade"": ""C"", ""performance_record_id"": ""PERF_202604_EMP163"", ""performance_salary"": 3000.0}}"
PI_PL_202604_EMP164_BASIC_SALARY,PAYROLL_202604,PL_202604_EMP164,ESNAP_202604_EMP164,EMP164,PER164,EREL_202604_EMP164,BASIC_SALARY,基本薪资,earning,7000.0,CNY,1,1,COMP_NDSC,SalarySplitRule,,payroll_salary_split_formula,"{""basic_salary"": {""basic_salary"": 7000.0, ""basic_salary_rate"": 0.7, ""monthly_salary_total"": 10000.0, ""performance_base_rate"": 0.3, ""performance_salary_base"": 3000.0, ""position"": ""员工"", ""split_rule_id"": ""SPLIT_06""}}"
PI_PL_202604_EMP164_PERFORMANCE_SALARY,PAYROLL_202604,PL_202604_EMP164,ESNAP_202604_EMP164,EMP164,PER164,EREL_202604_EMP164,PERFORMANCE_SALARY,绩效薪资,earning,3000.0,CNY,1,1,COMP_NDSC,PerformanceGradeRule,,payroll_performance_salary_formula,"{""performance_salary"": {""coefficient"": 1.0, ""grade_rule_id"": ""PERF_RULE_03"", ""performance_grade"": ""C"", ""performance_record_id"": ""PERF_202604_EMP164"", ""performance_salary"": 3000.0}}"
PI_PL_202604_EMP165_BASIC_SALARY,PAYROLL_202604,PL_202604_EMP165,ESNAP_202604_EMP165,EMP165,PER165,EREL_202604_EMP165,BASIC_SALARY,基本薪资,earning,3218.39,CNY,1,1,COMP_NDSC,SalarySplitRule,,payroll_salary_split_formula,"{""basic_salary"": {""basic_salary"": 3218.39, ""basic_salary_rate"": 0.7, ""monthly_salary_total"": 4597.7, ""performance_base_rate"": 0.3, ""performance_salary_base"": 1379.31, ""position"": ""员工"", ""split_rule_id"": ""SPLIT_06""}}"
PI_PL_202604_EMP165_PERFORMANCE_SALARY,PAYROLL_202604,PL_202604_EMP165,ESNAP_202604_EMP165,EMP165,PER165,EREL_202604_EMP165,PERFORMANCE_SALARY,绩效薪资,earning,1379.31,CNY,1,1,COMP_NDSC,PerformanceGradeRule,,payroll_performance_salary_formula,"{""performance_salary"": {""coefficient"": 1.0, ""grade_rule_id"": ""PERF_RULE_03"", ""performance_grade"": ""C"", ""performance_record_id"": ""PERF_202604_EMP165"", ""performance_salary"": 1379.31}}"
PI_PL_202604_EMP166_BASIC_SALARY,PAYROLL_202604,PL_202604_EMP166,ESNAP_202604_EMP166,EMP166,PER166,EREL_202604_EMP166,BASIC_SALARY,基本薪资,earning,7000.0,CNY,1,1,COMP_SCNY,SalarySplitRule,,payroll_salary_split_formula,"{""basic_salary"": {""basic_salary"": 7000.0, ""basic_salary_rate"": 0.7, ""monthly_salary_total"": 10000.0, ""performance_base_rate"": 0.3, ""performance_salary_base"": 3000.0, ""position"": ""员工"", ""split_rule_id"": ""SPLIT_06""}}"
PI_PL_202604_EMP166_PERFORMANCE_SALARY,PAYROLL_202604,PL_202604_EMP166,ESNAP_202604_EMP166,EMP166,PER166,EREL_202604_EMP166,PERFORMANCE_SALARY,绩效薪资,earning,3000.0,CNY,1,1,COMP_SCNY,PerformanceGradeRule,,payroll_performance_salary_formula,"{""performance_salary"": {""coefficient"": 1.0, ""grade_rule_id"": ""PERF_RULE_03"", ""performance_grade"": ""C"", ""performance_record_id"": ""PERF_202604_EMP166"", ""performance_salary"": 3000.0}}"
PI_PL_202604_EMP167_BASIC_SALARY,PAYROLL_202604,PL_202604_EMP167,ESNAP_202604_EMP167,EMP167,PER167,EREL_202604_EMP167,BASIC_SALARY,基本薪资,earning,960.0,CNY,1,1,COMP_SCNY,SalarySplitRule,,payroll_salary_split_formula,"{""basic_salary"": {""basic_salary"": 960.0, ""basic_salary_rate"": 1.0, ""monthly_salary_total"": 960.0, ""performance_base_rate"": 0.0, ""performance_salary_base"": 0.0, ""position"": ""实习生"", ""split_rule_id"": ""SPLIT_03""}}"
PI_PL_202604_EMP168_BASIC_SALARY,PAYROLL_202604,PL_202604_EMP168,ESNAP_202604_EMP168,EMP168,PER168,EREL_202604_EMP168,BASIC_SALARY,基本薪资,earning,7000.0,CNY,1,1,COMP_NDSC,SalarySplitRule,,payroll_salary_split_formula,"{""basic_salary"": {""basic_salary"": 7000.0, ""basic_salary_rate"": 0.7, ""monthly_salary_total"": 10000.0, ""performance_base_rate"": 0.3, ""performance_salary_base"": 3000.0, ""position"": ""员工"", ""split_rule_id"": ""SPLIT_06""}}"
PI_PL_202604_EMP168_PERFORMANCE_SALARY,PAYROLL_202604,PL_202604_EMP168,ESNAP_202604_EMP168,EMP168,PER168,EREL_202604_EMP168,PERFORMANCE_SALARY,绩效薪资,earning,3000.0,CNY,1,1,COMP_NDSC,PerformanceGradeRule,,payroll_performance_salary_formula,"{""performance_salary"": {""coefficient"": 1.0, ""grade_rule_id"": ""PERF_RULE_03"", ""performance_grade"": ""C"", ""performance_record_id"": ""PERF_202604_EMP168"", ""performance_salary"": 3000.0}}"
PI_PL_202604_EMP169_BASIC_SALARY,PAYROLL_202604,PL_202604_EMP169,ESNAP_202604_EMP169,EMP169,PER169,EREL_202604_EMP169,BASIC_SALARY,基本薪资,earning,7000.0,CNY,1,1,COMP_NDSC,SalarySplitRule,,payroll_salary_split_formula,"{""basic_salary"": {""basic_salary"": 7000.0, ""basic_salary_rate"": 0.7, ""monthly_salary_total"": 10000.0, ""performance_base_rate"": 0.3, ""performance_salary_base"": 3000.0, ""position"": ""员工"", ""split_rule_id"": ""SPLIT_06""}}"
PI_PL_202604_EMP169_PERFORMANCE_SALARY,PAYROLL_202604,PL_202604_EMP169,ESNAP_202604_EMP169,EMP169,PER169,EREL_202604_EMP169,PERFORMANCE_SALARY,绩效薪资,earning,3000.0,CNY,1,1,COMP_NDSC,PerformanceGradeRule,,payroll_performance_salary_formula,"{""performance_salary"": {""coefficient"": 1.0, ""grade_rule_id"": ""PERF_RULE_03"", ""performance_grade"": ""C"", ""performance_record_id"": ""PERF_202604_EMP169"", ""performance_salary"": 3000.0}}"
PI_PL_202604_EMP170_BASIC_SALARY,PAYROLL_202604,PL_202604_EMP170,ESNAP_202604_EMP170,EMP170,PER170,EREL_202604_EMP170,BASIC_SALARY,基本薪资,earning,2574.71,CNY,1,1,COMP_SCNY,SalarySplitRule,,payroll_salary_split_formula,"{""basic_salary"": {""basic_salary"": 2574.71, ""basic_salary_rate"": 0.7, ""monthly_salary_total"": 3678.16, ""performance_base_rate"": 0.3, ""performance_salary_base"": 1103.45, ""position"": ""员工"", ""split_rule_id"": ""SPLIT_06""}}"
PI_PL_202604_EMP170_PERFORMANCE_SALARY,PAYROLL_202604,PL_202604_EMP170,ESNAP_202604_EMP170,EMP170,PER170,EREL_202604_EMP170,PERFORMANCE_SALARY,绩效薪资,earning,1103.45,CNY,1,1,COMP_SCNY,PerformanceGradeRule,,payroll_performance_salary_formula,"{""performance_salary"": {""coefficient"": 1.0, ""grade_rule_id"": ""PERF_RULE_03"", ""performance_grade"": ""C"", ""performance_record_id"": ""PERF_202604_EMP170"", ""performance_salary"": 1103.45}}"
PI_PL_202604_EMP171_BASIC_SALARY,PAYROLL_202604,PL_202604_EMP171,ESNAP_202604_EMP171,EMP171,PER171,EREL_202604_EMP171,BASIC_SALARY,基本薪资,earning,2160.0,CNY,1,1,COMP_SCNY,SalarySplitRule,,payroll_salary_split_formula,"{""basic_salary"": {""basic_salary"": 2160.0, ""basic_salary_rate"": 1.0, ""monthly_salary_total"": 2160.0, ""performance_base_rate"": 0.0, ""performance_salary_base"": 0.0, ""position"": ""实习生"", ""split_rule_id"": ""SPLIT_03""}}"
PI_PL_202604_EMP172_BASIC_SALARY,PAYROLL_202604,PL_202604_EMP172,ESNAP_202604_EMP172,EMP172,PER172,EREL_202604_EMP172,BASIC_SALARY,基本薪资,earning,7000.0,CNY,1,1,COMP_NDSC,SalarySplitRule,,payroll_salary_split_formula,"{""basic_salary"": {""basic_salary"": 7000.0, ""basic_salary_rate"": 0.7, ""monthly_salary_total"": 10000.0, ""performance_base_rate"": 0.3, ""performance_salary_base"": 3000.0, ""position"": ""员工"", ""split_rule_id"": ""SPLIT_06""}}"
PI_PL_202604_EMP172_PERFORMANCE_SALARY,PAYROLL_202604,PL_202604_EMP172,ESNAP_202604_EMP172,EMP172,PER172,EREL_202604_EMP172,PERFORMANCE_SALARY,绩效薪资,earning,3000.0,CNY,1,1,COMP_NDSC,PerformanceGradeRule,,payroll_performance_salary_formula,"{""performance_salary"": {""coefficient"": 1.0, ""grade_rule_id"": ""PERF_RULE_03"", ""performance_grade"": ""C"", ""performance_record_id"": ""PERF_202604_EMP172"", ""performance_salary"": 3000.0}}"
PI_PL_202604_EMP173_BASIC_SALARY,PAYROLL_202604,PL_202604_EMP173,ESNAP_202604_EMP173,EMP173,PER173,EREL_202604_EMP173,BASIC_SALARY,基本薪资,earning,7000.0,CNY,1,1,COMP_NDSC,SalarySplitRule,,payroll_salary_split_formula,"{""basic_salary"": {""basic_salary"": 7000.0, ""basic_salary_rate"": 0.7, ""monthly_salary_total"": 10000.0, ""performance_base_rate"": 0.3, ""performance_salary_base"": 3000.0, ""position"": ""员工"", ""split_rule_id"": ""SPLIT_06""}}"
PI_PL_202604_EMP173_PERFORMANCE_SALARY,PAYROLL_202604,PL_202604_EMP173,ESNAP_202604_EMP173,EMP173,PER173,EREL_202604_EMP173,PERFORMANCE_SALARY,绩效薪资,earning,3600.0,CNY,1,1,COMP_NDSC,PerformanceGradeRule,,payroll_performance_salary_formula,"{""performance_salary"": {""coefficient"": 1.2, ""grade_rule_id"": ""PERF_RULE_02"", ""performance_grade"": ""B"", ""performance_record_id"": ""PERF_202604_EMP173"", ""performance_salary"": 3600.0}}"
PI_PL_202604_EMP174_BASIC_SALARY,PAYROLL_202604,PL_202604_EMP174,ESNAP_202604_EMP174,EMP174,PER174,EREL_202604_EMP174,BASIC_SALARY,基本薪资,earning,5793.1,CNY,1,1,COMP_NDSC,SalarySplitRule,,payroll_salary_split_formula,"{""basic_salary"": {""basic_salary"": 5793.1, ""basic_salary_rate"": 0.7, ""monthly_salary_total"": 8275.86, ""performance_base_rate"": 0.3, ""performance_salary_base"": 2482.76, ""position"": ""员工"", ""split_rule_id"": ""SPLIT_06""}}"
PI_PL_202604_EMP174_PERFORMANCE_SALARY,PAYROLL_202604,PL_202604_EMP174,ESNAP_202604_EMP174,EMP174,PER174,EREL_202604_EMP174,PERFORMANCE_SALARY,绩效薪资,earning,2482.76,CNY,1,1,COMP_NDSC,PerformanceGradeRule,,payroll_performance_salary_formula,"{""performance_salary"": {""coefficient"": 1.0, ""grade_rule_id"": ""PERF_RULE_03"", ""performance_grade"": ""C"", ""performance_record_id"": ""PERF_202604_EMP174"", ""performance_salary"": 2482.76}}"
PI_PL_202604_EMP175_BASIC_SALARY,PAYROLL_202604,PL_202604_EMP175,ESNAP_202604_EMP175,EMP175,PER175,EREL_202604_EMP175,BASIC_SALARY,基本薪资,earning,7000.0,CNY,1,1,COMP_NDSC,SalarySplitRule,,payroll_salary_split_formula,"{""basic_salary"": {""basic_salary"": 7000.0, ""basic_salary_rate"": 0.7, ""monthly_salary_total"": 10000.0, ""performance_base_rate"": 0.3, ""performance_salary_base"": 3000.0, ""position"": ""员工"", ""split_rule_id"": ""SPLIT_06""}}"
PI_PL_202604_EMP175_PERFORMANCE_SALARY,PAYROLL_202604,PL_202604_EMP175,ESNAP_202604_EMP175,EMP175,PER175,EREL_202604_EMP175,PERFORMANCE_SALARY,绩效薪资,earning,3000.0,CNY,1,1,COMP_NDSC,PerformanceGradeRule,,payroll_performance_salary_formula,"{""performance_salary"": {""coefficient"": 1.0, ""grade_rule_id"": ""PERF_RULE_03"", ""performance_grade"": ""C"", ""performance_record_id"": ""PERF_202604_EMP175"", ""performance_salary"": 3000.0}}"
PI_PL_202604_EMP176_BASIC_SALARY,PAYROLL_202604,PL_202604_EMP176,ESNAP_202604_EMP176,EMP176,PER176,EREL_202604_EMP176,BASIC_SALARY,基本薪资,earning,7000.0,CNY,1,1,COMP_NDSC,SalarySplitRule,,payroll_salary_split_formula,"{""basic_salary"": {""basic_salary"": 7000.0, ""basic_salary_rate"": 0.7, ""monthly_salary_total"": 10000.0, ""performance_base_rate"": 0.3, ""performance_salary_base"": 3000.0, ""position"": ""员工"", ""split_rule_id"": ""SPLIT_06""}}"
PI_PL_202604_EMP176_PERFORMANCE_SALARY,PAYROLL_202604,PL_202604_EMP176,ESNAP_202604_EMP176,EMP176,PER176,EREL_202604_EMP176,PERFORMANCE_SALARY,绩效薪资,earning,3000.0,CNY,1,1,COMP_NDSC,PerformanceGradeRule,,payroll_performance_salary_formula,"{""performance_salary"": {""coefficient"": 1.0, ""grade_rule_id"": ""PERF_RULE_03"", ""performance_grade"": ""C"", ""performance_record_id"": ""PERF_202604_EMP176"", ""performance_salary"": 3000.0}}"
PI_PL_202604_EMP177_BASIC_SALARY,PAYROLL_202604,PL_202604_EMP177,ESNAP_202604_EMP177,EMP177,PER177,EREL_202604_EMP177,BASIC_SALARY,基本薪资,earning,7000.0,CNY,1,1,COMP_NDSC,SalarySplitRule,,payroll_salary_split_formula,"{""basic_salary"": {""basic_salary"": 7000.0, ""basic_salary_rate"": 0.7, ""monthly_salary_total"": 10000.0, ""performance_base_rate"": 0.3, ""performance_salary_base"": 3000.0, ""position"": ""员工"", ""split_rule_id"": ""SPLIT_06""}}"
PI_PL_202604_EMP177_PERFORMANCE_SALARY,PAYROLL_202604,PL_202604_EMP177,ESNAP_202604_EMP177,EMP177,PER177,EREL_202604_EMP177,PERFORMANCE_SALARY,绩效薪资,earning,3000.0,CNY,1,1,COMP_NDSC,PerformanceGradeRule,,payroll_performance_salary_formula,"{""performance_salary"": {""coefficient"": 1.0, ""grade_rule_id"": ""PERF_RULE_03"", ""performance_grade"": ""C"", ""performance_record_id"": ""PERF_202604_EMP177"", ""performance_salary"": 3000.0}}"
PI_PL_202604_EMP178_BASIC_SALARY,PAYROLL_202604,PL_202604_EMP178,ESNAP_202604_EMP178,EMP178,PER178,EREL_202604_EMP178,BASIC_SALARY,基本薪资,earning,3500.0,CNY,1,1,COMP_南大尚诚（人力）,SalarySplitRule,,payroll_salary_split_formula,"{""basic_salary"": {""basic_salary"": 3500.0, ""basic_salary_rate"": 1.0, ""monthly_salary_total"": 3500.0, ""performance_base_rate"": 0.0, ""performance_salary_base"": 0.0, ""position"": ""人力劳务"", ""split_rule_id"": ""SPLIT_04""}}"
PI_PL_202604_EMP179_BASIC_SALARY,PAYROLL_202604,PL_202604_EMP179,ESNAP_202604_EMP179,EMP179,PER179,EREL_202604_EMP179,BASIC_SALARY,基本薪资,earning,3500.0,CNY,1,1,COMP_南大尚诚（人力）,SalarySplitRule,,payroll_salary_split_formula,"{""basic_salary"": {""basic_salary"": 3500.0, ""basic_salary_rate"": 1.0, ""monthly_salary_total"": 3500.0, ""performance_base_rate"": 0.0, ""performance_salary_base"": 0.0, ""position"": ""人力劳务"", ""split_rule_id"": ""SPLIT_04""}}"
PI_PL_202604_EMP180_BASIC_SALARY,PAYROLL_202604,PL_202604_EMP180,ESNAP_202604_EMP180,EMP180,PER180,EREL_202604_EMP180,BASIC_SALARY,基本薪资,earning,3500.0,CNY,1,1,COMP_南大尚诚（人力）,SalarySplitRule,,payroll_salary_split_formula,"{""basic_salary"": {""basic_salary"": 3500.0, ""basic_salary_rate"": 1.0, ""monthly_salary_total"": 3500.0, ""performance_base_rate"": 0.0, ""performance_salary_base"": 0.0, ""position"": ""人力劳务"", ""split_rule_id"": ""SPLIT_04""}}"
PI_PL_202604_EMP181_BASIC_SALARY,PAYROLL_202604,PL_202604_EMP181,ESNAP_202604_EMP181,EMP181,PER181,EREL_202604_EMP181,BASIC_SALARY,基本薪资,earning,5793.1,CNY,1,1,COMP_NDSC,SalarySplitRule,,payroll_salary_split_formula,"{""basic_salary"": {""basic_salary"": 5793.1, ""basic_salary_rate"": 0.7, ""monthly_salary_total"": 8275.86, ""performance_base_rate"": 0.3, ""performance_salary_base"": 2482.76, ""position"": ""员工"", ""split_rule_id"": ""SPLIT_06""}}"
PI_PL_202604_EMP181_PERFORMANCE_SALARY,PAYROLL_202604,PL_202604_EMP181,ESNAP_202604_EMP181,EMP181,PER181,EREL_202604_EMP181,PERFORMANCE_SALARY,绩效薪资,earning,1986.21,CNY,1,1,COMP_NDSC,PerformanceGradeRule,,payroll_performance_salary_formula,"{""performance_salary"": {""coefficient"": 0.8, ""grade_rule_id"": ""PERF_RULE_04"", ""performance_grade"": ""D"", ""performance_record_id"": ""PERF_202604_EMP181"", ""performance_salary"": 1986.21}}"
PI_PL_202604_EMP182_BASIC_SALARY,PAYROLL_202604,PL_202604_EMP182,ESNAP_202604_EMP182,EMP182,PER182,EREL_202604_EMP182,BASIC_SALARY,基本薪资,earning,8275.86,CNY,1,1,COMP_SCNY,SalarySplitRule,,payroll_salary_split_formula,"{""basic_salary"": {""basic_salary"": 8275.86, ""basic_salary_rate"": 1.0, ""monthly_salary_total"": 8275.86, ""performance_base_rate"": 0.0, ""performance_salary_base"": 0.0, ""position"": ""BOSS"", ""split_rule_id"": ""SPLIT_02""}}"
PI_PL_202604_EMP183_BASIC_SALARY,PAYROLL_202604,PL_202604_EMP183,ESNAP_202604_EMP183,EMP183,PER183,EREL_202604_EMP183,BASIC_SALARY,基本薪资,earning,4505.75,CNY,1,1,COMP_NDSC,SalarySplitRule,,payroll_salary_split_formula,"{""basic_salary"": {""basic_salary"": 4505.75, ""basic_salary_rate"": 0.7, ""monthly_salary_total"": 6436.78, ""performance_base_rate"": 0.3, ""performance_salary_base"": 1931.03, ""position"": ""员工"", ""split_rule_id"": ""SPLIT_06""}}"
PI_PL_202604_EMP183_PERFORMANCE_SALARY,PAYROLL_202604,PL_202604_EMP183,ESNAP_202604_EMP183,EMP183,PER183,EREL_202604_EMP183,PERFORMANCE_SALARY,绩效薪资,earning,1931.03,CNY,1,1,COMP_NDSC,PerformanceGradeRule,,payroll_performance_salary_formula,"{""performance_salary"": {""coefficient"": 1.0, ""grade_rule_id"": ""PERF_RULE_03"", ""performance_grade"": ""C"", ""performance_record_id"": ""PERF_202604_EMP183"", ""performance_salary"": 1931.03}}"
PI_PL_202604_EMP184_BASIC_SALARY,PAYROLL_202604,PL_202604_EMP184,ESNAP_202604_EMP184,EMP184,PER184,EREL_202604_EMP184,BASIC_SALARY,基本薪资,earning,4505.75,CNY,1,1,COMP_NDSC,SalarySplitRule,,payroll_salary_split_formula,"{""basic_salary"": {""basic_salary"": 4505.75, ""basic_salary_rate"": 0.7, ""monthly_salary_total"": 6436.78, ""performance_base_rate"": 0.3, ""performance_salary_base"": 1931.03, ""position"": ""员工"", ""split_rule_id"": ""SPLIT_06""}}"
PI_PL_202604_EMP184_PERFORMANCE_SALARY,PAYROLL_202604,PL_202604_EMP184,ESNAP_202604_EMP184,EMP184,PER184,EREL_202604_EMP184,PERFORMANCE_SALARY,绩效薪资,earning,1931.03,CNY,1,1,COMP_NDSC,PerformanceGradeRule,,payroll_performance_salary_formula,"{""performance_salary"": {""coefficient"": 1.0, ""grade_rule_id"": ""PERF_RULE_03"", ""performance_grade"": ""C"", ""performance_record_id"": ""PERF_202604_EMP184"", ""performance_salary"": 1931.03}}"
PI_PL_202604_EMP185_BASIC_SALARY,PAYROLL_202604,PL_202604_EMP185,ESNAP_202604_EMP185,EMP185,PER185,EREL_202604_EMP185,BASIC_SALARY,基本薪资,earning,3862.07,CNY,1,1,COMP_NDSC,SalarySplitRule,,payroll_salary_split_formula,"{""basic_salary"": {""basic_salary"": 3862.07, ""basic_salary_rate"": 0.7, ""monthly_salary_total"": 5517.24, ""performance_base_rate"": 0.3, ""performance_salary_base"": 1655.17, ""position"": ""员工"", ""split_rule_id"": ""SPLIT_06""}}"
PI_PL_202604_EMP185_PERFORMANCE_SALARY,PAYROLL_202604,PL_202604_EMP185,ESNAP_202604_EMP185,EMP185,PER185,EREL_202604_EMP185,PERFORMANCE_SALARY,绩效薪资,earning,1655.17,CNY,1,1,COMP_NDSC,PerformanceGradeRule,,payroll_performance_salary_formula,"{""performance_salary"": {""coefficient"": 1.0, ""grade_rule_id"": ""PERF_RULE_03"", ""performance_grade"": ""C"", ""performance_record_id"": ""PERF_202604_EMP185"", ""performance_salary"": 1655.17}}"
PI_PL_202604_EMP186_BASIC_SALARY,PAYROLL_202604,PL_202604_EMP186,ESNAP_202604_EMP186,EMP186,PER186,EREL_202604_EMP186,BASIC_SALARY,基本薪资,earning,2896.55,CNY,1,1,COMP_SCNY,SalarySplitRule,,payroll_salary_split_formula,"{""basic_salary"": {""basic_salary"": 2896.55, ""basic_salary_rate"": 0.7, ""monthly_salary_total"": 4137.93, ""performance_base_rate"": 0.3, ""performance_salary_base"": 1241.38, ""position"": ""员工"", ""split_rule_id"": ""SPLIT_06""}}"
PI_PL_202604_EMP186_PERFORMANCE_SALARY,PAYROLL_202604,PL_202604_EMP186,ESNAP_202604_EMP186,EMP186,PER186,EREL_202604_EMP186,PERFORMANCE_SALARY,绩效薪资,earning,1241.38,CNY,1,1,COMP_SCNY,PerformanceGradeRule,,payroll_performance_salary_formula,"{""performance_salary"": {""coefficient"": 1.0, ""grade_rule_id"": ""PERF_RULE_03"", ""performance_grade"": ""C"", ""performance_record_id"": ""PERF_202604_EMP186"", ""performance_salary"": 1241.38}}"
PI_PL_202604_EMP187_BASIC_SALARY,PAYROLL_202604,PL_202604_EMP187,ESNAP_202604_EMP187,EMP187,PER187,EREL_202604_EMP187,BASIC_SALARY,基本薪资,earning,1931.03,CNY,1,1,COMP_NDSC,SalarySplitRule,,payroll_salary_split_formula,"{""basic_salary"": {""basic_salary"": 1931.03, ""basic_salary_rate"": 0.7, ""monthly_salary_total"": 2758.62, ""performance_base_rate"": 0.3, ""performance_salary_base"": 827.59, ""position"": ""员工"", ""split_rule_id"": ""SPLIT_06""}}"
PI_PL_202604_EMP187_PERFORMANCE_SALARY,PAYROLL_202604,PL_202604_EMP187,ESNAP_202604_EMP187,EMP187,PER187,EREL_202604_EMP187,PERFORMANCE_SALARY,绩效薪资,earning,827.59,CNY,1,1,COMP_NDSC,PerformanceGradeRule,,payroll_performance_salary_formula,"{""performance_salary"": {""coefficient"": 1.0, ""grade_rule_id"": ""PERF_RULE_03"", ""performance_grade"": ""C"", ""performance_record_id"": ""PERF_202604_EMP187"", ""performance_salary"": 827.59}}"
PI_PL_202604_EMP188_BASIC_SALARY,PAYROLL_202604,PL_202604_EMP188,ESNAP_202604_EMP188,EMP188,PER188,EREL_202604_EMP188,BASIC_SALARY,基本薪资,earning,10000.0,CNY,1,1,COMP_SCNY,SalarySplitRule,,payroll_salary_split_formula,"{""basic_salary"": {""basic_salary"": 10000.0, ""basic_salary_rate"": 1.0, ""monthly_salary_total"": 10000.0, ""performance_base_rate"": 0.0, ""performance_salary_base"": 0.0, ""position"": ""BOSS"", ""split_rule_id"": ""SPLIT_02""}}"
